"News#","Title Content","Matched Words","Score","Polarity"
"1","ADVANCED MAGNETICS ADMG IN AGREEMENT","advanced","1","Positive"
"2","HEALTH RESEARCH FILES FOR BANKRUPTCY","","0","Neutral"
"3","NUMEREX CORP NMRX 2ND QTR JAN 31 LOSS","loss","-1","Negative"
"4","US SELLING 128 BILLION DLRS OF 3 AND 6MO BILLS MARCH 30 TO PAY DOWN 12 BILLION DLRS","","0","Neutral"
"5","US 2YEAR NOTE AVERAGE YIELD 643 PCT STOP 644 PCT AWARDED AT HIGH YIELD 85 PCT","awarded","1","Positive"
"6","COMMODORE CBU ATARI IN SETTLEMENT","","0","Neutral"
"7","BALDRIGE SUPPORTS NIC TALKS ON CURRENCIES","supports","1","Positive"
"8","TRIANGLE TRI BEGINS EXCHANGE OFFER","","0","Neutral"
"9","SOUTHMARK SM UNIT IN PUBLIC OFFERING OF STOCK","","0","Neutral"
"10","EASTMAN KODAK CO TO SELL HOLDINGS IN ICN PHARMACEUTICALS AND VIRATEK INC","","0","Neutral"
"11","FEUD PERSISTS AT US HOUSE BUDGET COMMITTTEE","","0","Neutral"
"12","TREASURY BALANCES AT FED ROSE ON MARCH 23","","0","Neutral"
"13","FARM CREDIT SYSTEM SEEN NEEDING 800 MLN DLRS AID","","0","Neutral"
"14","USX X USS UNIT RAISES PRICES","","0","Neutral"
"15","UNIONIST URGES RETALIATION AGAINST JAPAN","","0","Neutral"
"16","EXXON XON GETS 992 MLN DLR CONTRACT","","0","Neutral"
"17","EATON ETN GETS 530 MLN DLR CONTRACT","","0","Neutral"
"18","ZAIRE AUTHORIZED TO BUY PL 480 RICE  USDA","","0","Neutral"
"19","MCDONNELL DOUGLAS GETS 306 MLN DLR CONTRACT","","0","Neutral"
"20","MIDIVEST ACQUIRES ASSETS OF BUSINESS AVIATION","","0","Neutral"
"21","US WHEAT CREDITS FOR JORDAN SWITCHED","","0","Neutral"
"22","DOLLAR EXPECTED TO FALL DESPITE INTERVENTION","fall","-1","Negative"
"23","US TO SELL 128 BILLION DLRS IN BILLS","","0","Neutral"
"24","INLAND STEEL IAD TO BUILD NEW PLANT IN INDIANA","","0","Neutral"
"25","EASTMAN KODAK EK TO SELL HOLDINGS","","0","Neutral"
"26","GUINNESS SUES BOESKY IN FEDERAL COURT","sues","-1","Negative"
"27","FIRM REDUCES SCEPTRE RESOURCES SRL HOLDINGS","","0","Neutral"
"28","GENCORP BOARD WITHDRAWS PROPOSALS TO STAGGER DIRECTORS TERMS","","0","Neutral"
"29","ACKLANDS LTD 1ST QTR FEB 28 NET","","0","Neutral"
"30","BULL AND BEAR GROUP A BNBGA CUTS FUND PAYOUTS","","0","Neutral"
"31","CALTEX TO RAISE BAHRAIN OIL PRODUCT PRICES","","0","Neutral"
"32","CHARTER CO QCHR TO COMPLETE REORGANIZATION","","0","Neutral"
"33","NASHUA NSH TO PURCHASE PRIVATE DISC MAKER","","0","Neutral"
"34","ALTRON INC ALRN 4TH QTR JAN 3","","0","Neutral"
"35","COLLINS FOODS CF MOVES UP WARRANT CONVERSION","","0","Neutral"
"36","GENCORP GY PROPOSALS WITHDRAWN FROM MEETING","","0","Neutral"
"37","WEEKLY ELECTRIC OUTPUT UP 24 PCT FROM 1986","","0","Neutral"
"38","MONOLITHIC MMIC TO DROP GATE ARRAY LINE","","0","Neutral"
"39","API SAYS DISTILLATE STOCKS OFF 407 MLN BBLS GASOLINE OFF 269 MLN CRUDE UP 853 MLN","crude","-1","Negative"
"40","VERMONT FINANCIAL SERVICES VFSC SETS PAYOUT","","0","Neutral"
"41","RESORTS INTERNATIONAL GETS BUYOUT PROPOSAL FROM KSZ CO INC","","0","Neutral"
"42","VR BUSINESS BROKERS EXPANDS OPERATIONS","","0","Neutral"
"43","CORRECTED  ATT T FORMS COMPUTER SALES GROUPS","","0","Neutral"
"44","GREAT ATLANTIC AND PACIFIC TEA CO INC GAP DIV","great","1","Positive"
"45","GARTNER GROUP GART ACQUIRES COMTEC PROGRAM","","0","Neutral"
"46","US CAR SALES DOWN 39 PCT IN MIDMARCH","","0","Neutral"
"47","RESORTS INTL RTA RECEIVES TAKEOVER OFFER","","0","Neutral"
"48","CITICORP CCI SEES DOUBLING IN RETAIL BANK NET","","0","Neutral"
"49","WD40 CO WDFC 2ND QTR FEB 28 NET","","0","Neutral"
"50","NASD TO BEGIN SEARCH FOR NEW PRESIDENT","","0","Neutral"
"51","BRAZIL COMPUTER MARKET TO REMAIN CLOSEDMINISTER","","0","Neutral"
"52","METALBANC IN OFFERING","","0","Neutral"
"53","NORTHERN INDIANA PUBLIC SVC NI AGAIN OMITS DIV","","0","Neutral"
"54","FEDS JOHNSON SAYS DOLLAR STABILIZED AFTER FED TOOK APPROPRIATE ACTION","appropriate","1","Positive"
"55","FED CHAIRMAN VOLCKER SAYS BANK PROPOSALS A WORRY","worry","-1","Negative"
"56","BORMANS INC BRF DECLARES QTLY DIVIDEND","","0","Neutral"
"57","INTERLEUKIN2 ILTO DETAILS WARRANT CONVERSION","","0","Neutral"
"58","US CORN ACREAGE SEEN NEAR RECORD LOW","","0","Neutral"
"59","KIRSCHNER KMDC COMPLETES PURCHASE","","0","Neutral"
"60","US SENATORS SEEK TO EXPAND USDA EXPORT BONUS","bonus","1","Positive"
"61","FEDS JOHNSON SAYS FED ACTED TO STABILIZE DOLLAR","stabilize","1","Positive"
"62","XOMA XOMA FILES FOR PUBLIC OFFERING","","0","Neutral"
"63","REPUBLIC AMERICAN RAWC PLANS EXCHANGE OFFER","","0","Neutral"
"64","MARYLAND NATIONAL MDNT SEES NEW NAME","","0","Neutral"
"65","VENEZUELA TO ANNOUCE PARTNER FOR COAL VENTURE","","0","Neutral"
"66","GOTTSCHALKS INC GOT 4TH QTR NET","","0","Neutral"
"67","BORGWARNER SAYS IT DISCUSSED POSSIBLE TAKEOVER WITH IRWIN JACOBS","","0","Neutral"
"68","CYCLOPS CORP SAYS CYACQS AMENDED OFFER RESTATES ORIGINAL CONDITIONS","","0","Neutral"
"69","US SUGAR QUOTA MAY BE EASED CONGRESSMAN SAYS","eased","1","Positive"
"70","MOBIL MOB UNIT NAMES GROUP PRESIDENT","","0","Neutral"
"71","SONY SNE TO SHIP SAMPLE OPTICAL DISKS","","0","Neutral"
"72","CALIFORNIA MICROWAVE CMIC TAKES 3RD QTR CHARGE","","0","Neutral"
"73","CRS SIRRINE PLANS MAJOR RESTRUCTURING WRITE OFF OF UP 43 MLN DLRS","restructuring","1","Positive"
"74","HF AHMANSON AND CO AHM QTLY DIVIDEND","","0","Neutral"
"75","BORGWARNER BOR TELLS OF TALKS WITH JACOBS","","0","Neutral"
"76","CANADA VOWS TO FIGHT US POTASH ACTION","","0","Neutral"
"77","TRINTOC UNION CARBIDE TO BUILD METHANOL PLANT","","0","Neutral"
"78","ORMAND INDUSTRIES OMD UNIT TO REPAY DEBT","debt","-1","Negative"
"79","VOLCKER CALLS DOLLAR SLIDE ENOUGH","enough","1","Positive"
"80","NASDAQ MARCH SHORT INTEREST WAS 1849 MLN SHRS VS 2157 MLN SHARES IN FEBRUARY","","0","Neutral"
"81","RB INDUSTRIES RBI COMPLETES STORE SALES","","0","Neutral"
"82","TRAVELERS TIC UNIT SELLS MORTGAGE CERTIFICATES","","0","Neutral"
"83","NASDAQ SHORT INTEREST IN MARCH FALLS","falls","-1","Negative"
"84","GOLDMAN SACHS SELLS SIGNET SBK UNIT NOTES","","0","Neutral"
"85","NMS PHARMACEUTICAL NMSI SETS NEW BLOOD TEST","","0","Neutral"
"86","AMERICAN CAN AC SELLS CONVERTIBLE EUROBONDS","","0","Neutral"
"87","GENCORP GY TAKEOVER GROUP CANCELS HEARING","","0","Neutral"
"88","GENCORP GY FIXES RIGHTS SEPARATION DATE","","0","Neutral"
"89","CANADA ENERGY MINISTER TO MAKE STATEMENT","","0","Neutral"
"90","AMERICAN INTERNATIONAL AIG SELLS AFRICAN UNIT","","0","Neutral"
"91","OXFORD INDUSTRIES INC OXM 3RD QTR FEB 27","","0","Neutral"
"92","UNION TAKES AMERICAN AIRLINES TO COURT","","0","Neutral"
"93","PORTUGAL MAY HAVE PURCHASED US CORN","","0","Neutral"
"94","TAIWAN TENDERING THURSDAY FOR US CORN","","0","Neutral"
"95","SRI LANKA TENDERING OVERNIGHT FOR WHEAT","","0","Neutral"
"96","BRAZIL ANNOUNCES NEW PLANNING MINISTER","","0","Neutral"
"97","DIGIGRAPHIC SYSTEMS CORP 4TH QTR OPER LOSS","loss","-1","Negative"
"98","BAYOU BYOU IN DEFINITIE MERGER AGREEMENT","","0","Neutral"
"99","APACHE APA FILES FOR 100 MLN DLR OFFERING","","0","Neutral"
"100","TRANSCONTINENTAL TGP FILES NEW OFFER","","0","Neutral"
"101","COMPUTER IDENTICS CORP CIDN 4TH QTR","","0","Neutral"
"102","FLEET TO ACQUIRE ASSETS OF MARK IV IV UNIT","","0","Neutral"
"103","MIKRON INSTRUMENT CO MIKR 1ST QTR JAN 31","","0","Neutral"
"104","GOLDEN NORTH HAS ENCOURAGING DRILL RESULTS","encouraging, golden","2","Positive"
"105","UNISYS UIS GETS ORDER FROM SWEDEN","","0","Neutral"
"106","HAWKEYE HWKB ISSUES PREFERENCE STOCK","issues","-1","Negative"
"107","AUSTN FEB ANNUAL M3 MONEY SUPPLY RISES 112 PCT","","0","Neutral"
"108","PS GROUP PSG USAIR U MOVE UP DEADLINE","","0","Neutral"
"109","TANDON TCOR SAYS SEARS S STILL CUSTOMER","","0","Neutral"
"110","MERGERS PUBLIC OFFERS SEEN AMONG CAR DEALERS","","0","Neutral"
"111","COMPREHENSIVE CARE CORP CMPH 3RD QTR NET","comprehensive","1","Positive"
"112","CHAPMAN CHPN IN RESTRUCTURING","restructuring","1","Positive"
"113","VESTAR INC VSTR YEAR LOSS","loss","-1","Negative"
"114","UNIVATION INC UNIV EXPANDS EUROPE DISTRIBUTION","","0","Neutral"
"115","STERLING BANCORP YEAR NET","","0","Neutral"
"116","FIRST NEW HAMPSHIRE BANKS INC DIV","","0","Neutral"
"117","HOUSE OF FABRICS HF QUARTERLY DIVIDEND","","0","Neutral"
"118","Bank of Japan bought 200 to 300 mln dlrs this morning dealers said","","0","Neutral"
"119","MIAMIBrazil and bank advisory committee agree to 60day extension on credit lines","","0","Neutral"
"120","JAPAN BUYS MODEST AMOUNT OF DOLLARS DEALERS SAY","modest","1","Positive"
"121","MiamiBrazil says it expects to make no interest payments before March 31","","0","Neutral"
"122","CORRECTEDMIAMIBrazil bank committee will transmit request for 60day credit extension","","0","Neutral"
"123","BRAZILBANK COMMITTEE AGREE ON CREDIT REQUEST","","0","Neutral"
"124","JAPANS 198687 SUGAR CANE OUTPUT SEEN FALLING","falling","-1","Negative"
"125","INDIAN ROCKET LAUNCH FAILS","fails","-1","Negative"
"126","AUSTRALIAS OPPOSITION PARTY GAINING POPULARITY","gaining, opposition","0","Neutral"
"127","WEEKS PETROLEUM LTD WPMAMEL CALENDAR 1986","","0","Neutral"
"128","Bank of Japan keeps intervening to hold dollar above 149 yen brokers","","0","Neutral"
"129","JAPAN INTERVENING TO KEEP DOLLAR UP BROKERS","","0","Neutral"
"130","BELL GROUP ISSUING 200 MLN IN CONVERTIBLE BONDS","","0","Neutral"
"131","Current exchange rates almost within levels agreed by major nations  Sumita","","0","Neutral"
"132","Sumita says major nations cooperated to stabilise currencies","","0","Neutral"
"133","THAILANDS FOREIGN RESERVES FALL IN FEBRUARY","fall","-1","Negative"
"134","EXCHANGE RATES ALMOST WITHIN G6 LEVELS  SUMITA","","0","Neutral"
"135","NZ TRADE SURPLUS 1191 MLN DLRS IN FEBRUARY","","0","Neutral"
"136","MATSUSHITA TO ISSUE 200 BILLION YEN CONVERTIBLE","issue","-1","Negative"
"137","Sumita says Bank of Japan has no intention of lowering its discount rate","","0","Neutral"
"138","JAPAN DOES NOT INTEND TO CUT DISCOUNT RATESUMITA","","0","Neutral"
"139","JARDINE MATHESON PROFITS SEEN UP SHARPLY IN 1986","sharply","-1","Negative"
"140","HU YAOBANG APPEARS AT CHINA PARLIAMENTARY SESSION","","0","Neutral"
"141","FOREIGN BROKERS GET MORE ACCESS TO JAPANESE BONDS","","0","Neutral"
"142","CHINAS FIRST JOINT VENTURE BANK REPORTS PROFIT","","0","Neutral"
"143","BANGLADESHS PAYMENTS DEFICIT NARROWS IN OCTOBER","","0","Neutral"
"144","PEKING FACES WATER RATIONING","","0","Neutral"
"145","USCHINA CIGARETTE FILTER JOINT VENTURE SET UP","","0","Neutral"
"146","TWO JAPANESE STEELMAKERS TO CUT CAPITAL SPENDING","","0","Neutral"
"147","NISSAN AFFILIATE TO ACQUIRE US AUTOPARTS MAKER","","0","Neutral"
"148","DUTCH STATE LAUNCHES NEW EIGHT YEAR BULLET AT 614 PCT  OFFICIAL","","0","Neutral"
"149","YEN MAY RISE TO 140 TO THE DOLLAR NIKKEIREN SAYS","","0","Neutral"
"150","SINGAPORE SECURITIES MARKET CONSIDERING CHANGES","","0","Neutral"
"151","NEW DUTCH BULLET STATE LOAN AT 614 PCT DUE 1995","","0","Neutral"
"152"," BRUSSELS  Ferruzzi says it will pay 630 mln dlrs to CPC International for European mills","","0","Neutral"
"153","VIETNAM TO RESETTLE 300000 ON STATE FARMS IN 1987","","0","Neutral"
"154","EC MINISTERS FAIL TO END DEADLOCK ON RESEARCH PLAN","fail, deadlock","-2","Negative"
"155","MADAGASCAR EXTENDS AMOCO OIL EXPLORATION AGREEMENT","","0","Neutral"
"156","FERRUZZI DEAL WITH CPC WORTH 630 MLN DLRS","worth","1","Positive"
"157","AIRLINES CAN INCREASE HONG KONGMANILA FLIGHTS","","0","Neutral"
"158","SWIRE PACIFIC LTD SWPCHKG YEAR 1986","","0","Neutral"
"159","BAT Industries 1986 pretax profit 139 billion stg vs 117 billion","","0","Neutral"
"160","BAT INDUSTRIES PLC BTIL 1986 YEAR","","0","Neutral"
"161","SWIRE PLANS BONUS ISSUE ON HIGHER 1986 PROFITS","issue, bonus","0","Neutral"
"162","Japan Trade Ministry asks trade houses exporters to reduce dlr sales sources","","0","Neutral"
"163","SRI LANKAN GOVERNMENT TO STOP IMPORTING SUGAR","","0","Neutral"
"164","NEW DUTCH SPECIAL ADVANCES TOTAL 42 BILLION","","0","Neutral"
"165","DANISH FEBRUARY CONSUMER PRICES FALL 01 PCT","fall","-1","Negative"
"166","JAPAN ASKS TRADERS EXPORTERS TO CUT DOLLAR SALES","","0","Neutral"
"167","BANK OF JAPAN TO SELL 300 BILLION YEN IN BILLS","","0","Neutral"
"168","ABBEY NATIONAL HAS ONE BILLION DLR EURO CD PACT","","0","Neutral"
"169","ENSERCH ISSUES 100 MLN DLR CONVERTIBLE BOND","issues","-1","Negative"
"170","MIDDLE EAST CURRENCY MARKET SEES KEY CHANGES","","0","Neutral"
"171","BELGOLUX TRADE SWINGS INTO JANUARY DEFICIT","","0","Neutral"
"172","GUINNESS SEEKS UK INJUNCTION AGAINST SAUNDERS","","0","Neutral"
"173","CITIBANK LAUNCHES CURRENCY WARRANTS","","0","Neutral"
"174","MALAYSIAS FOREIGN BORROWING HELD AT 1986 LEVEL","","0","Neutral"
"175","BASF US PROFITTURNOVER BOOSTED BY ACQUISITIONS","","0","Neutral"
"176","SWISS BANK NET FOREIGN ASSESTS UP IN 4TH QUARTER","","0","Neutral"
"177","BICC PLC BICCL 1986 YEAR","","0","Neutral"
"178","TAIWAN MONEY SUPPLY RISES 4822 PCT IN YEAR","","0","Neutral"
"179","PAKISTAN SAYS AFGHAN AIR RAID KILLED ALMOST 150","killed","-1","Negative"
"180","CHINA MUST CUT DEMAND CONTINUE REFORMS ZHAO SAYS","reforms","1","Positive"
"181","NIPPON STEEL TO REDUCE DIVIDEND","","0","Neutral"
"182","BAT SEES STRONG PERFORMANCE FROM ALL SECTORS","strong","1","Positive"
"183","CHINAS PREMIER ZHAO SAYS POLITICAL CRISIS OVER","crisis, premier","0","Neutral"
"184","TAIWAN SEES ITS INVESTMENT IN US RISING SHARPLY","sharply","-1","Negative"
"185","BABCOCK UNIT WINS ORDER FOR VENEZUELAN POWER PLANT","wins","1","Positive"
"186","JARDINE TO JOIN CONSORTIUM FOR HK SECOND AIRPORT","","0","Neutral"
"187","BABCOCK INTERNATIONAL PLC BABKL YEAR 1986","","0","Neutral"
"188","VEBA PLACEMENT CONTINUES FOR SMALL SHAREHOLDERS","","0","Neutral"
"189","DELTA GROUP DLTLL YEAR TO JAN 3","","0","Neutral"
"190","PLACER PACIFIC SAYS BIG BELL GOLD STUDY EXPANDING","gold","1","Positive"
"191","BELGIAN PUBLIC DEBT RISES IN FEBRUARY","debt","-1","Negative"
"192","BABCOCK EXPECTS FURTHER PROGRESS IN 1987","progress","1","Positive"
"193","EGYPT BUYS 46000 TONNES OF SUNFLOWERSEED OIL","","0","Neutral"
"194","CHINA TO TIGHTEN IMPORT CONTROL CUT EXPORT COSTS","","0","Neutral"
"195","WEST GERMANS TO MINT COMMUNITY ANNIVERSARY COIN","","0","Neutral"
"196","SINGAPORE GDP TO GROW SIX PCT IN FIRST QUARTER","","0","Neutral"
"197","CARGILL UK STRIKE TALKS TO RESUME THIS AFTERNOON","strike","-1","Negative"
"198","NORWAY ISSUES 60 BILLION YEN EUROBOND","issues","-1","Negative"
"199","BROCKWAY AIR TO BUY FIVE SAAB PLANES","","0","Neutral"
"200","SAABSCANIA LAUNCHES 100 MLN DLR EUROCP PROGRAM","","0","Neutral"
"201","BRITISH COMPOUND FEED PRODUCTION DETAILED","","0","Neutral"
"202","KLOECKNER UND COS 1986 PROFIT FALLS ABOUT 20 PCT","falls","-1","Negative"
"203","MIXED ASIAN REACTION TO NEW RUBBER PACT","","0","Neutral"
"204","CIBAGEIGY PHILLIPS PETROLEUM IN JOINT VENTURE","","0","Neutral"
"205","KRUPP TO BUILD SOUTH KOREAN STEEL PLANT","","0","Neutral"
"206","SWIRE EXPECTS CONTINUED GROWTH THIS YEAR","","0","Neutral"
"207","UNCERTAINTY SURROUNDS EC SUGAR TENDER RESULTTRADE","tender","1","Positive"
"208","ABU DHABI TO REOPEN GULF OILFIELD HIT IN 1986 RAID","","0","Neutral"
"209","CHAD SAYS TROOPS KILLED 1200 LIBYANS IN BATTLE","killed","-1","Negative"
"210","RAINBOW LIFTS PROGRESSIVE STAKE TO 52 PCT","progressive","1","Positive"
"211","BANK OF THAILAND PLANS ITS FIRST BOND ISSUE","issue","-1","Negative"
"212","FOREIGN BROKERS GET MORE ACCESS TO JAPANESE BONDS","","0","Neutral"
"213","YEN MAY RISE TO 140 TO THE DLR NIKKEIREN SAYS","","0","Neutral"
"214","JAPAN BUYS MODEST AMOUNT OF DOLLARS DEALERS SAY","modest","1","Positive"
"215","BRAZILBANK COMMITTEE AGREE ON CREDIT REQUEST","","0","Neutral"
"216","JAPAN DOES NOT INTEND TO CUT DISCOUNT RATESUMITA","","0","Neutral"
"217","UK MONEY MARKET FORECAST REVISED TO SHOW SURPLUS","","0","Neutral"
"218","BANK OF ENGLAND DOES NOT OPERATE IN MONEY MARKET","","0","Neutral"
"219","BANK OF JAPAN TO SELL 300 BILLION YEN IN BILLS","","0","Neutral"
"220","EXCHANGE RATES ALMOST WITHIN G6 LEVELS  SUMITA","","0","Neutral"
"221","AFGHAN BOMBING TOLL ALMOST 150","toll","-1","Negative"
"222","JAPAN ASKS TRADERS EXPORTERS TO CUT DOLLAR SALES","","0","Neutral"
"223","SWIRE UNCOMMITTED ON PROPOSED NEW HK AIRPORT","","0","Neutral"
"224","CENTRAL BANKS BUY DOLLARS FOR YEN IN LONDON","","0","Neutral"
"225","BRAZIL BANKS FAIL TO MAKE BREAKTHROUGH IN DEBT TALKS","fail, breakthrough, debt","-1","Negative"
"226","CHINA MUST REFORM IRRATIONAL PRICE SYSTEM ZHAO","reform, irrational","0","Neutral"
"227","SEVERE DROUGHT AFFECTS EAST NORTHEAST THAILAND","drought, severe","-2","Negative"
"228","null","","0","Neutral"
"229","OCEAN TRANSPORT AND TRADING PLC OTTLL YEAR 1986","","0","Neutral"
"230","DART GROUP RAISES SUPERMARKETS GENERAL SGL BID","","0","Neutral"
"231","OLSON INDUSTRIES INC OLSN 4TH QTR NET","","0","Neutral"
"232","OLSON OLSN TO HAVE LOSS FROM EGG UNIT SALE","loss","-1","Negative"
"233","JEFFERIES JEFG SETS SUPERMARKETS SGL MARKET","","0","Neutral"
"234","ED And F MAN TO BUY INTO HONG KONG FIRM","","0","Neutral"
"235","ORACLE CORP ORCL 3RD QTR FEB 28 NET","","0","Neutral"
"236","DISNEY DIS OPENING EXPERIMENTAL RETAIL OUTLET","","0","Neutral"
"237","ENTERRA CORP EN 4TH QTR LOSS","loss","-1","Negative"
"238","JOHNSTOWNCONSOLIDATED REALTY TRUST JCT NET","trust","1","Positive"
"239","DURIRON DURI COMPLETES VALTEK VALT PURCHASE","","0","Neutral"
"240","WASHINGTON FEDERAL SAVINGS WFSL QUARTERLY DIV","savings","1","Positive"
"241","SINGER SMF GETS TEXAS AIR TEX CONTRACT","","0","Neutral"
"242","ROWLEYSCHER RSCH TO HAVE LOSS FOR YEAR","loss","-1","Negative"
"243","DIXONS SAID IT GOT AND ACCEPTED ONLY 20 PCT OF CYCLOPS SHARES IN TENDER","tender","1","Positive"
"244","LONDON ON RISE AS TRADING CENTRE IN US DEBT","debt","-1","Negative"
"245","MATSUSHITA TO ISSUE 200 BILLION YEN CONVERTIBLE","issue","-1","Negative"
"246","DIXONS GETS ONLY 20 PCT OF CYCLOPS CYL IN BID","","0","Neutral"
"247","OPPOSITION SAYS UK GOVT GAVE ARMS TO CONTRAS","opposition","-1","Negative"
"248","BRAZIL ANNOUNCES NEW PLANNING MINISTER","","0","Neutral"
"249","CITIBANK LAUNCHES CURRENCY WARRANTS","","0","Neutral"
"250","KAUFMAN AND BROAD HOME CORP KBH 1ST QTR FEB 28","","0","Neutral"
"251","METRO CABLE METO TO SELL PARTNERSHIP","","0","Neutral"
"252","RENOUF HAS 934 PCT OF BENEQUITY BH UNITS","","0","Neutral"
"253","OIL ANALYST SEES PAPUA NEW GUINEA AS GOOD PROSPECT","good","1","Positive"
"254","CHINA TO TIGHTEN IMPORT CONTROL CUT EXPORT COST","","0","Neutral"
"255","USAIR GROUP INC U SETS QUARTERLY","","0","Neutral"
"256","CHINA MUST CUT DEMAND CONTINUE REFORMS ZHAO","reforms","1","Positive"
"257","YUGOSLAVIA SEEKS 600 MLN ECU LOAN FROM EC","","0","Neutral"
"258","MCFARLAND MCFE TO BUY PETROMINERALS PTRO","","0","Neutral"
"259","TIMMINCO ACQUIRES UNIVERSAL ADHESIVES","","0","Neutral"
"260","PALOMA PETROLEUM LTD YEAR NET","","0","Neutral"
"261","UK MONEY MARKET SURPLUS REVISED TO 250 MLN STG","","0","Neutral"
"262","TECHNIMED CORP GETS FDA APPROVAL FOR DRUG","approval","1","Positive"
"263","AMERICAN RESOURCE CORP LTD YEAR NET","","0","Neutral"
"264","WASTE MANAGEMENT ENDS TENDER OFFER FOR CHEMLAWN","waste, tender","0","Neutral"
"265","WEST GERMAN JAN COFFEE IMPORTS DOWN ON YEARAGO","","0","Neutral"
"266","ONE VALLEY BANCORP OVWV RAISES QUARTERLY","","0","Neutral"
"267","NATIONAL DATA CORP NDTA 3RD QTR FEB 28 NET","","0","Neutral"
"268","NVHOMES NVH SETS TWOFORONE SPLIT","split","-1","Negative"
"269","AMERICAN RESOURCE SETS RIGHTS OFFERING","","0","Neutral"
"270","VANGUARD TECHNOLOGIES INTERNATIONAL INC VTI","","0","Neutral"
"271","THOMSON MCKINNON US GOVERNMENT FUND DIVIDEND","","0","Neutral"
"272","THOMSON MCKINNON INCOME FUND DIVIDEND","","0","Neutral"
"273","OAKRIDGE HOLDINGS INC 2ND QTR DEC 31 NET","","0","Neutral"
"274","GENERAL COMPUTER CORP GCCC 3RD QTR FEB 28 NET","","0","Neutral"
"275","UK EQUITIES SEEN DUE FOR DOWNWARD CORRECTION","","0","Neutral"
"276","ENSERCH ISSUES 100 MLN DLR CONVERTIBLE BOND","issues","-1","Negative"
"277","BRIERLEY OFFER FOR PROGRESSIVE STILL VALID","progressive","1","Positive"
"278","AVATAR HOLDINGS INC AVTR YEAR NET","","0","Neutral"
"279","NORWAY OFFERS 11TH LICENCE ROUND OFFSHORE BLOCKS","","0","Neutral"
"280","PERCEPTION TECHNOLOGY PCEP TO TAKE CHARGE","","0","Neutral"
"281","INSPECTORATE ISSUES 200 MLN MARK EQUITY EUROBOND","issues","-1","Negative"
"282"," Bundesbank buys dollars for yen  Frankfurt dealers","","0","Neutral"
"283","REUTERS TO BUY I P SHARP OF CANADA","sharp","1","Positive"
"284","HORIZON BANK HRZB SETS STOCK SPLIT","split","-1","Negative"
"285","WASTE WMX ENDS OFFER FOR CHEMLAWN CHEM","waste","-1","Negative"
"286","COREMARK INTERNATIONAL NAMES ACTING CHAIRMAN","","0","Neutral"
"287","ACKERLY COMMUNICATIONS INC YEAR LOSS","loss","-1","Negative"
"288","UNITED MEDICAL UM TO SELL UNIT","","0","Neutral"
"289","REXNORD REX TO CUT STAFF TO 50 FROM 112","","0","Neutral"
"290","CCC ACCEPTS BONUS BID ON CATTLE FOR EGYPT  USDA","bonus","1","Positive"
"291","INTEL INTC UNIT SELLS NOTES AT 818 PCT","","0","Neutral"
"292","SPAINS SOCIALIST TRADE UNION PUSHES FOR WAGE HIKE","","0","Neutral"
"293","THATCHER DEFENDS UK OIL POLICY IN SAUDI INTERVIEW","","0","Neutral"
"294","MARCH PRICES FELL IN GERMAN STATE ON YEARAGO","fell","-1","Negative"
"295","BUNDESBANK BUYS DOLLARS IN FRANKFURT  DEALERS","","0","Neutral"
"296","CROSSLAND SAVINGS CRLDACQUIRES WESTERN SAVINGS","savings","2","Positive"
"297","GENERAL ELECTRIC GE SELLS RIGHTS TO TECHNIQUE","","0","Neutral"
"298","CPC CPC EXPECTS EUROPEAN SALE TO CUT DEBT","debt","-1","Negative"
"299","BANK OF ENGLAND DRAINS MONEY MARKET LIQUIDITY","drains","-1","Negative"
"300","HK OFFICIAL DEFENDS NONPROSECUTION OF BOND","","0","Neutral"
"301","VICORP RESTAURANTS INC VRES 1ST QTR FEB 15 NET","","0","Neutral"
"302","COMMERZBANK TO ACQUIRE AND FLOAT LINOTYPE","","0","Neutral"
"303","VICORP VRES ENDS SALELEASEBACK DEAL","","0","Neutral"
"304","EC EXPORT LICENCES FOR 59000 TONNES WHITE  SUGAR AT REBATE 45678 ECUS  FRENCH TRADERS","","0","Neutral"
"305","UK INTERVENTION BOARD DETAILS EC SUGAR SALES","","0","Neutral"
"306","PIONEERSTANDARD ELECTRONICS INC PIOS PAYOUT","","0","Neutral"
"307","AMSTERDAM EXCHANGE ANNOUNCES MODERNISATION DRIVE","","0","Neutral"
"308","HOUSE WAYS AND MEANS CMTE FINISHES WORK ON BILL TO TOUGHEN TRADE LAWS","work","1","Positive"
"309","CHEROKEE GROUP CHKE FILES TO OFFER SHARES","","0","Neutral"
"310","SOUTH AFRICA PROBLEMS REMAIN DESPITE DEBT PACT","debt, problems","-2","Negative"
"311","FABRICENTERS FCA 4TH QTR ENDS JAN 31 NET","","0","Neutral"
"312","TSENG LABORATORIES INC TSNG 4TH QTR NET","","0","Neutral"
"313","PARK ELECTROCHEMICAL CORP PKE SETS PAYOUT","","0","Neutral"
"314","BRAZIL SEAMEN SAY STRIKE NEAR END","strike","-1","Negative"
"315","KEY US HOUSE PANEL FINISHES MAJOR TRADE BILL","","0","Neutral"
"316","RUSS TOGS INC RTS 4TH QTR JAN 31 NET","","0","Neutral"
"317","JOHNSTOWN AMERICAN COS JAC 2ND QTR FEB 28 NET","","0","Neutral"
"318","EASCO OFFERS INITIAL SALE OF SECURITIES","","0","Neutral"
"319","KEIHIN ELECTRIC EXPRESS ISSUES 150 MLN DLR BOND","issues","-1","Negative"
"320","BRISTOL AND WEST BUILDING SOCIETY ISSUES CDS","issues","-1","Negative"
"321","WOOLWICH BUILDING SOCIETY ISSUING 50 MLN STG BOND","","0","Neutral"
"322","ITT ITT  UNIT FILES FOR PREFERRED STOCK SALE","","0","Neutral"
"323","CPC EXPECTS EUROPEAN SALE TO CUT DEBT","debt","-1","Negative"
"324","THERMO PROCESS TPSI ACQUISITION TERMINATED","","0","Neutral"
"325","CHRYSLER FINANCE ISSUING STERLING EUROBOND","","0","Neutral"
"326","NORANDA RAISES PRIMARY ALUMINUM PRICES","","0","Neutral"
"327","SOVIET PAPER DETAILS GEORGIAN FLOOD DAMAGE","damage","-1","Negative"
"328","UTILICORP UCU SEES HIGHER 1987 FIRST QUARTER","","0","Neutral"
"329","XYLOGICS INC INITIAL OFFERING UNDERWAY","","0","Neutral"
"330","TSENG TSNG SEES SALES INCREASE FIRST QTR 1987","","0","Neutral"
"331","MINNTECH MNTX GETS MORE CASH FOR DEVELOPMENT","","0","Neutral"
"332","STOCKHOLDER SYSTEMS SSIAA MAKES ACQUISITION","","0","Neutral"
"333","CONCEPT INC CCPT 2ND QTR FEB 28 NET","","0","Neutral"
"334","LIFE OF INDIANA CORP LIFI 4TH QTR LOSS","loss","-1","Negative"
"335","BF SAUL REAL ESTATE INVESTMENT BFS PAYOUT","","0","Neutral"
"336","SOUTH AFRICA PROBLEMS REMAIN DESPITE DEBT PACT","debt, problems","-2","Negative"
"337","MAYTAG MYG SEES CAPITAL SPENDING UP IN 1987","","0","Neutral"
"338","TRAVELERS TIC UNIT TO BUY REALTY DIVISIONS","","0","Neutral"
"339","COMMUNICATIONS AND CABLE INC CCAB 1ST QTR NET","","0","Neutral"
"340","BEN EQUITY HOLDINGS BH SUSPENDED ON NYSE","","0","Neutral"
"341","ESCAGEN CORP ESN INITIAL OFFERING STARTS","","0","Neutral"
"342","BRISTOLMYERS BMY FILES AIDS VACCINE WITH FDA","","0","Neutral"
"343","DALLAS INVESTOR CUTS STAKE IN MCDERMOTT MDR","","0","Neutral"
"344","FED ADOPTS REDEPOSIT SERVICE FOR BOUNCED CHECKS","","0","Neutral"
"345","INTNL PLATINUM DEGUSSA IN JOINT VENTURE TALKS","","0","Neutral"
"346","WESTWOOD ONE INC WONE 1ST QWTR FEB 28 NET","","0","Neutral"
"347","REAGAN OPPOSES NEW TAXES SEEKS BUDGET","","0","Neutral"
"348","IRAN SAYS HAS BETTER WEAPONS THAN SILKWORM","better","1","Positive"
"349","EC COMMISSION DETAILS SUGAR TENDER","tender","1","Positive"
"350","INLAND STEEL IAD PREFERRED OFFERED","","0","Neutral"
"351","ADVANCED MICRO AMD PREFERRED OFFERED","advanced","1","Positive"
"352","TRICENTROL TO CONCENTRATE ON PROVEN RESERVES","proven","1","Positive"
"353","ROLLSROYCE SIGNS NEW ENGINE DEAL WITH BOEING","","0","Neutral"
"354","BROOKLYN UNION GAS CO BU SETS PAYOUT","","0","Neutral"
"355","UNISYS UIS INTRODUCES NEW PRODUCTS","","0","Neutral"
"356","ARGENTINE PORT WORKERS TAKE INDUSTRIAL ACTION","","0","Neutral"
"357","NOVAMIN SAYS IT RECEIVED PROPOSED TAKEOVER BID FROM BREAKWATER","","0","Neutral"
"358","NYFE SEAT SELLS FOR 200 DLRS","","0","Neutral"
"359","NEC CORP HAS 150 MLN DLR EUROCP PROGRAM","","0","Neutral"
"360","FRANCE SETS FOUR BILLION FRANC TBILL TENDER","tender","1","Positive"
"361","FED EXPECTED TO ADD RESERVES IN MARKET","","0","Neutral"
"362","INDIA REPORTED BUYING TWO WHITE SUGAR CARGOES","","0","Neutral"
"363","NOVAMIN IN PROPOSED BUYOUT BY BREAWATER BWRLF","","0","Neutral"
"364","LILLY INDUSTRIAL COATINGS INC LICIA 1ST QTR","","0","Neutral"
"365","COMMONWEALTY REALTY CRTYZ BAY BAY END TALKS","","0","Neutral"
"366","METPRO CORP MPR 4TH QTR ENDS JAN 31 NET","","0","Neutral"
"367","EDO EDO TO BUY BACK ADDITIONAL 500000 SHARES","","0","Neutral"
"368","VISTA VISA FORMS OFFICE OF THE PRESIDENT","","0","Neutral"
"369","CENTRAL MAINE POWER CO CTP SETS QUARTERLY","","0","Neutral"
"370","SOME FIRMS CURB COMMODITIES BUSINESS WITH DREXEL","","0","Neutral"
"371","PEP BOYS PBY SETS SPLIT RAISES QUARTERLY","split, pep","0","Neutral"
"372","PEP BOYS  MANNY MOE AND JACK INC PBY 4TH QTR","pep","1","Positive"
"373","HOVNANIAN ENTERPRISES HOV EARNINGS TO RISE","","0","Neutral"
"374","NY TRADERS SAY TURKEY MADE LARGE SUGAR PURCHASE","","0","Neutral"
"375","NORFOLK NSC UNIT SELLS EQUIPMENT CERTIFICATES","","0","Neutral"
"376","ANHEUSERBUSCH BUD OFFICER RESIGNS","","0","Neutral"
"377","JOHNSON SAYS FEDS ACTIONS YESTERDAY MEANT TO STABILIZE DOLLAR AT CURRENT LEVELS","stabilize","1","Positive"
"378","SUNSTAR FOODS INC SUNF 2ND QTR FEB 28 NET","","0","Neutral"
"379","PHOENIX RE PXRE INITIAL OFFERING UNDER WAY","","0","Neutral"
"380","NIPPON SIGNAL TO ISSUE 50 MLN SWISS FRANC NOTES","issue","-1","Negative"
"381","HADSON HADS TO ACQUIRE 85 PCT OF SEAXE SEAX","","0","Neutral"
"382","REUTERS TO BUY I P SHARP OF CANADA","sharp","1","Positive"
"383","TCBY ENTERPRISES TCBY SPLITS STOCK","","0","Neutral"
"384","FIRST INTERSTATE I SELLS CAPITAL NOTES","","0","Neutral"
"385","RAYTHEON CO RTN SETS QUARTERLY","","0","Neutral"
"386","FIAT MAY ISSUE BOND FOR LIBYAN STAKE PAPER SAYS","issue","-1","Negative"
"387","ITALYS STET FORMS TELECOMMUNICATIONS FIRM","","0","Neutral"
"388","PH GLATFELTER CO GLP INCREASES DIVIDEND","","0","Neutral"
"389","LIFE OF INDIANA CORP LIFI 4TH QTR LOSS","loss","-1","Negative"
"390","CORRECTED  TSENG TSNG SEES SALES INCREASE","","0","Neutral"
"391","BRAZILIAN BANK STRIKE SPREADS UNION SAYS","strike","-1","Negative"
"392","CONSOLIDATED NOREX TO ACQUIRE TRIWEB RESOURCES","","0","Neutral"
"393","THAI SUGAR PRODUCTION CONTINUES HIGH IN FEB","","0","Neutral"
"394","SWEDISH EXPORT CREDIT ISSUES NEW ZEALAND DLR BOND","issues","-1","Negative"
"395","APOLLO COMPUTER APCI IN JOINT MARKETING PACT","","0","Neutral"
"396","ACCUGRAPH IN ASIA MARKETING PACT WITH TRIOTECH","","0","Neutral"
"397","REICHHOLD CHEMICALS INC EXPLORING POSSIBLE SALE OF EUROPEAN SUBSIDIARY","","0","Neutral"
"398","NY TRADERS EXPECT CHINA TO STEP UP SUGAR BUYING","","0","Neutral"
"399","ROSS STORES INC ROST 4TH QTR JAN 31 LOSS","loss","-1","Negative"
"400","ITALIAN TREASURY BILL OFFER HAS MIXED RESPONSE","","0","Neutral"
"401","AFG AFG EXPANDS INTO AUTO GLASS REPLACEMENT","","0","Neutral"
"402","GREENWOOD RESOURCES SAYS BANKS COULD FORECLOSE","","0","Neutral"
"403","NAVISTAR NAV STILL EXPECTS HIGHER 1987 NET","","0","Neutral"
"404","HEES INTERNATIONAL SETS 100 MLN DLR SHARE ISSUE","issue","-1","Negative"
"405","CORRECTEDLILLY INDUSTRIAL COATINGS INC LICIA","","0","Neutral"
"406","US SENATE PANEL APPROVES TRADE MISSION BILL","","0","Neutral"
"407","CATERPILLAR CAT WORKERS TOLD TO END SITIN","","0","Neutral"
"408","BAT SHARES UNDERVALUED SAY STOCK MARKET ANALYSTS","","0","Neutral"
"409","BALDRIGE SAYS US WILL NOT LET JAPAN DOMINATE WORLD ELECTRONICS MARKET","dominate","1","Positive"
"410","REICHHOLD RCI EXPLORING SALE OF EUROPEAN UNIT","","0","Neutral"
"411","AMERICUS TRUST FOR MERCK MRK NOW EFFECTIVE","trust, effective","2","Positive"
"412","UAL SAID DONALD TRUMP WAS INTERESTED IN UAL STOCK AS INVESTMENT","trump","1","Positive"
"413","INTL BROADCASTING IBCA SETS REVERSE SPLIT","split","-1","Negative"
"414","BI INC BIAC SETS REVERSE SPLIT","split","-1","Negative"
"415","BALDRIGE SAYS JAPAN MUST OPEN ITS MARKETS","","0","Neutral"
"416","K MART KM UNIT BUYS TEXAS LAND","","0","Neutral"
"417","BASF CORP YEAR NET","","0","Neutral"
"418","TORONTO DOMINION BUYING MONTREAL EXCHANGE SEAT","","0","Neutral"
"419","LEAR SIEGLER DEPOSITS 794 MLN DLRS TO SECURE NOTES EFFECTS REORGANIZATION","secure","1","Positive"
"420","JAM JAMY WINS 15 MLN DLR CONTRACT","wins, jam","0","Neutral"
"421","UNISYS UIS NEW MAINFRAME INTRODUCTION NOT SET","","0","Neutral"
"422","MONTANA POWER CO MTP VOTES QUARTERLY DIVIDEND","","0","Neutral"
"423","UAL UAL SAID TRUMP TALKED WITH UAL CHAIRMAN","trump","1","Positive"
"424","GROLIER GLR DEBT UPGRADED BY MOODYS","upgraded, debt","0","Neutral"
"425","TEAM INC TMI 3RD QTR FEB 28 NET","","0","Neutral"
"426","TODD SHIPYARDS CORP OMITS QTLY COMMON DIV SETS PREFERRED PAYOUT","","0","Neutral"
"427","RSI CORP RSIC 2ND QTR FEB 28 NET","","0","Neutral"
"428","RCM TECHNOLOGIES INC RCMT 1ST QTR JAN 31 LOSS","loss","-1","Negative"
"429","MCCLAIN INDUSTRIES INC MCCL 1ST QTR DEC 31 NET","","0","Neutral"
"430","FED OFFERS TO BUY ONE BILLION DLRS OF BILLS FOR CUSTOMER AFTER NOTE AUCTION","","0","Neutral"
"431","SYNALLOY SYO ENDS PLANS TO SELL UNIT","","0","Neutral"
"432","CIL ACQUIRING TRIMACS STAKE IN TRICIL","","0","Neutral"
"433","EC INFLATION STARTS TO RISE AGAIN IN FEBRUARY","","0","Neutral"
"434","PANTERAS PANT TO BUY TEN PIZZA RESTAURANTS","","0","Neutral"
"435","ALLIEDSIGNAL INC TO SELL LINOTYPE GROUP TO COMMERZBANK OF WEST GERMANY","","0","Neutral"
"436","ENERGYUS OIL OUTPUT","","0","Neutral"
"437","TODD SHIPYARDS TOD OMITS COMMMON DIVIDEND","","0","Neutral"
"438","IMO DELAVAL IMD SETS INITIAL DIVIDEND","","0","Neutral"
"439","FED TO PURCHASE TREASURY BILLS FOR A CUSTOMER","","0","Neutral"
"440","GOULD GLD INTRODUCES NEW MINI SUPERCOMPUTERS","","0","Neutral"
"441","NATIONAL COMPUTER SYSTEMS INC NLCS4TH QTR NET","","0","Neutral"
"442","SEC SANCTIONS ACCOUNTANTS KMG MAIN HURDMAN","","0","Neutral"
"443","ALLIEDSIGNAL ALD TO SELL LINOTYPE UNIT","","0","Neutral"
"444","CONTINENTAL HEALTH AFFILIATES INC CTHL 4TH QTR","","0","Neutral"
"445","CANADA SETS OIL INDUSTRY AID PACKAGE","","0","Neutral"
"446","CONTINENTAL CTHL REPURCHASES NOTES","","0","Neutral"
"447","ATLANTIS GROUP INC TO OFFER SHARES NOTES","","0","Neutral"
"448","MOUNTLEIGH GROUP SEEKS 100 MLN STG FACILITY","","0","Neutral"
"449","SOUTHWEST FOREST SWF SETTLES STRIKE","strike","-1","Negative"
"450","COCOA TALKS SLOW AT CRUCIAL STAGE  DELEGATES","slow","-1","Negative"
"451","MACK TRUCKS MACK DEBT AFFIRMED BY SP","debt","-1","Negative"
"452","EURATOM ECU BOND MARKS ROME TREATY ANNIVERSARY","","0","Neutral"
"453","NEWMONT GOLD NGC SEES GOLD SALES RISING","gold","2","Positive"
"454","MESSIDOR TO MERGE WITH TRITON BELEGGINGEN","","0","Neutral"
"455","IMMUNOGENETICS IGEN TO ENTER LIPOSOME FIELD","","0","Neutral"
"456","SMITH BARNEY ANALYST CUTS HERCULES HPC RATING","","0","Neutral"
"457","SP UPGRADES CONSUMERS POWERS SENIOR AND SUBORDINATED DEBT","debt","-1","Negative"
"458","NAVISTAR NAV SEES HIGHER CAPITAL SPENDING","","0","Neutral"
"459","MOHAWK DATA MDS AFFILIATE IN SERVICE DEAL","","0","Neutral"
"460","CONSUMERS POWER CMS DEBT RAISED BY SP","debt","-1","Negative"
"461","ENCOR ENERGY CORP PLANS 125 MLN DLR DEBENTURE OFFER","","0","Neutral"
"462","PACIFIC GAS PCG SEEKS PURCHASE RULE CHANGE","","0","Neutral"
"463","ENCOR ENERGY CORP INC YR NET LOSS 4066 MLN VS PROFIT 354 MLN","loss","-1","Negative"
"464","BRAZIL PLANS NEW ECONOMIC STRATEGY FOR GROWTH","","0","Neutral"
"465","MIDDLE SOUTH MSU TO FORM NEW DIVIDEND POLICY","","0","Neutral"
"466","UK POLL SHOWS SURGE FOR CENTRIST ALLIANCE PARTIES","","0","Neutral"
"467","EMERSON RADIO EME SELLS DEBT PRIVATELY","debt","-1","Negative"
"468","SOLAR SYSTEMS SUN DANCE SSDN EXTENDS WARRANTS","","0","Neutral"
"469","TWA SOLD FOUR MLN SHARES OF USAIR BELIEVED TO INSTITUTIONS WALL STREET SOURCES","","0","Neutral"
"470","US SUGAR POLICY MAY SELFDESTRUCT CONGRESSMAN","","0","Neutral"
"471","FIAT SAYS IT NOT PLANNING TO ISSUE EUROBONDS","issue","-1","Negative"
"472","INVESTORS INCREASE STAKE IN FROST SULLIVAN","frost","-1","Negative"
"473","LIBERIAN ORE CARRIER IN COLLISION IN RIVER ELBE","","0","Neutral"
"474","AIM TELEPHONES AIMT SELLS DEBT TO SHAREHOLDER","debt","-1","Negative"
"475","HERSHEY OIL CORP HSO 4TH QTR LOSS","loss","-1","Negative"
"476","VISTA MANAGEMENT INC GETS BOND GUARANTEES","","0","Neutral"
"477","EG AND G INC EGG SETS QUARTERLY","","0","Neutral"
"478","ENCOR ENERGY CORP INC YEAR LOSS","loss","-1","Negative"
"479","BRAZILIAN LABOUR UNREST SPREADS MANY BANKS SHUT","unrest","-1","Negative"
"480","OAK INDUSTRIES OAK SETS DEBT EXCHANGE OFFER","debt","-1","Negative"
"481","COLLINS FOODS CF TO REDEEM DEBENTURES","redeem","1","Positive"
"482","ANDREOTTI DROPS COALITION BID","","0","Neutral"
"483","TEAM TMI TO UNVEIL NEW EQUIPMENT IN MAY","","0","Neutral"
"484","ASTA GROUP INC UNIT IN LOAN PURCHASE","","0","Neutral"
"485","ENCOR PLANS 125 MLN DLR DEBENTURE OFFERING","","0","Neutral"
"486","ARDEN INTERNATIONAL AIKI 4TH QTR DEC 27 NET","","0","Neutral"
"487","TWA TWA SELLS POSITION IN USAIR U","","0","Neutral"
"488","COMBUSTION ENGINEERINGCSP SEES 1ST QTR NET OFF","","0","Neutral"
"489","NEWMONT GOLD SEES ITS SALES RISING 22 PCT","gold","1","Positive"
"490","TALKING POINTTOBACCO STOCKS","","0","Neutral"
"491","null","","0","Neutral"
"492","MICRO DISPLAY MDSI GETS EUROPEAN ORDERS","","0","Neutral"
"493","TREASURYS BAKER SAYS EXCHANGE RATE CHANGES WILL REDUCE TRADE DEFICIT THIS YEAR","","0","Neutral"
"494","TREASURYS BAKER SAYS ECONOMIC COOPERATION PROCESS IS WORKING","","0","Neutral"
"495","TREASURYS BAKER SAYS THROWING MONEY AT DEBTOR NATIONS WONT WORK","work","1","Positive"
"496","UTAH POWER UTP PLANS TO REDEEM PREFERRED STOCK","redeem","1","Positive"
"497","GATEWAY SPORTING BUYS INNOVATIVE DENTAL","innovative","1","Positive"
"498","TREASURYS BAKER SEES CUT IN TRADE DEFICIT","","0","Neutral"
"499","CYCLOPS CORP REFORMS BOARD AFTER DIXONS GROUP FAILS TO GET MAJORITY OF CYCLOPS STOCK","reforms, fails","0","Neutral"
"500","UK TO RETAIN POWERS AGAINST US UNITARY TAXATION","","0","Neutral"
"501","TREASURYS BAKER SAYS ECONOMIC COOPERATION WORKS","works","1","Positive"
"502","PAN ATLANTIC RE INC PNRE 4TH QTR NET","pan","-1","Negative"
"503","QUAKER CHEMICAL CORP QCHM SETS QUARTERLY","","0","Neutral"
"504","RAYTHEON RTN DIRECTOR RESIGNS","","0","Neutral"
"505","MIDDLE SOUTH MSU TO CONSIDER DIVIDEND","","0","Neutral"
"506","MONARCH CAPITAL MON CALLS PREFERRED","","0","Neutral"
"507","CYANOTECH CYAN SETS WAY TO EXTRACT CAROTENE","","0","Neutral"
"508","SAS TO UPGRADE CABIN SERVICE IN SCANDINAVIA","","0","Neutral"
"509","BELGIUM PLANS TO OUTLAW INSIDER TRADING","outlaw","-1","Negative"
"510","OWENSCORNING FIBERGLAS OCF SELLS FOAM UNIT","","0","Neutral"
"511","US SHOE INC 4TH QTR SHR 31 CTS VS 56 CTS","","0","Neutral"
"512","US TAX FRAUD CHARGES BROUGHT AGAINST THREE","fraud","-1","Negative"
"513","OBRIEN ENERGY OBS IN CITICORP CCI LEASE","","0","Neutral"
"514","QUAKER CHEMICAL QCHM TO REPURCHASE SHARES","","0","Neutral"
"515","TREASURYS BAKER OUTLINES TRADE BILL CRITICISMS","criticisms","-1","Negative"
"516","null","","0","Neutral"
"517","CASINO COMMISSION DELAYS VOTE ON HOLIDAY HIA","delays","-1","Negative"
"518","WORTHERN BANKING WOR IN AGREEMENT WITH FEDS","","0","Neutral"
"519","US SHOE CORP USR 4TH QTR JAN 31 NET","","0","Neutral"
"520","NUTMEG INDUSTRIES NUTM SETS LICENSING PACT","","0","Neutral"
"521","ARGENTINE SOYBEAN YIELD ESTIMATES DOWN FURTHER","","0","Neutral"
"522","BETA PHASE BETA TO SELL EYEGLASS TECHNOLOGY","","0","Neutral"
"523","LYNG SAYS AGRICULTURE SHOULD SHARE SPENDING CUTS","","0","Neutral"
"524","TREASURYS BAKER SAYS NEW MONEY NOT PANACEA","","0","Neutral"
"525","VERTEX INDUSTRIES INC VETX 2ND QTR JAN 31 NET","","0","Neutral"
"526","CYCLOPS CYL SAYS DIXONS APPOINTEES RESIGN","","0","Neutral"
"527","ECUADOR NEGOTIATES WITH NIGERIA FOR LENDING OIL","","0","Neutral"
"528","COMPUTERVISION CVN UNVEILS NEW DESIGN GEAR","","0","Neutral"
"529","null","","0","Neutral"
"530","NORTHERN STATES POWER CO NSP VOTES QUARTERLY","","0","Neutral"
"531","SUMMIT TAX EXEMPT BOND FUND SUA SETS PAYOUT","","0","Neutral"
"532","US SENATE TRADE LEADER CONCERNED ABOUT CANADA","concerned","-1","Negative"
"533","TREASURYS BAKER SAYS NEW MONEY NOT DEBT PANACEA","debt","-1","Negative"
"534","BAKER SAYS US WILLING TO COOPERATE TO STABILIZE EXCHANGE RATES","willing, stabilize","2","Positive"
"535","BAKER SAYS US WANTS TO STABILIZE EXCHANGE RATES","stabilize","1","Positive"
"536","JUSTICE DOT BACK AIRLINE ANTITRUST SWITCH","","0","Neutral"
"537","US GOVERNMENT EXPANDS CRACKDOWN ON BAD DEBTS","debts, bad","-2","Negative"
"538","FIRST FEDERAL DELAWARE AGREEMENT EXTENDED","","0","Neutral"
"539","EDELMAN GROUP IN PLAN TO BUY MORSE SHOE MRS","","0","Neutral"
"540","PHILIP MORRIS MO OSCAR MAYER SETS REDEMPTION","redemption","1","Positive"
"541","US  AUTO AGENCY GRANTS FORD F AIR BAG REQUEST","","0","Neutral"
"542","MERCK MRK GETS FDA HEARTWORM MEDICINE APPROVAL","approval","1","Positive"
"543","JOHN LABATT SEES GOOD FOURTH QUARTER YEAR","good","1","Positive"
"544","HUSKY HYO SETS MEETING TO APPROVE MERGER","approve","1","Positive"
"545","BALTIMORE GAS AND ELECTRIC BGE FILES DEBT","debt","-1","Negative"
"546","MERCK MRK GETS APPROVAL FOR DOG HEART DRUG","approval","1","Positive"
"547","WASHINGTON GAS LIGHT CO WGL HIKES PAYOUT","","0","Neutral"
"548","ZENITH ZE NAMES NEW FINANCIAL OFFICER","zenith","1","Positive"
"549","FERC DECISION COULD CUT COLUMBIA GAS CG NET","","0","Neutral"
"550","US OFFERS MORE CREDITS FOR VEG OIL TO N YEMEN","","0","Neutral"
"551","PUERTO RICAN CEMENT CO PRN SETS PAYOUT","","0","Neutral"
"552","US SHOE USR TO OPEN 421 STORES IN 1987","","0","Neutral"
"553","BARRIS BRRS TO BUY BACK STOCK","","0","Neutral"
"554","CANADA MAY MONITOR STEEL SHIPMENTS","","0","Neutral"
"555","MEXICO SIGNS 100 MLN DLR IADB TOURISM LOAN","","0","Neutral"
"556","WESCO FINANCIAL CORP WSC 4TH QTR NET","","0","Neutral"
"557","HELM H SELLS ADDITIONAL SHARES IN BAMBERGER","","0","Neutral"
"558","AMPALAMERICAN ISRAEL CORP AISA YEAR NET","","0","Neutral"
"559","COCOA COUNCIL CHAIRMAN SEEKS BUFFER COMPROMISE","","0","Neutral"
"560","SNC GROUP EXPECTS HIGHER 1987 EARNINGS SALES","","0","Neutral"
"561","MINE SAFETY MNES SELLS SOUTH AFRICA UNIT","","0","Neutral"
"562","MEDAR INC MDXR 4TH QTR DEC 31 LOSS","loss","-1","Negative"
"563","MEDAR MDXR CHANGES FISCAL YEAR","","0","Neutral"
"564","EPSILON DATA EPSI GETS NEW CREDIT AGREEMENT","","0","Neutral"
"565","US SECURITIES INDUSTRY ASSN BACKS RESTRAINTS ON TAKEOVERS INSIDER TRADING","","0","Neutral"
"566","CHEMFIX TECHNOLOGIES INC CFIX 2ND QTR NET","","0","Neutral"
"567","ALABAMA UPGRADED IN BRUCELLOSIS PROGRAM","upgraded","1","Positive"
"568","HELM H AFFILIATE SELLS SYSTEM","","0","Neutral"
"569","FEDERAL PAPER FBO OFFERS PREFERENTIAL SHARES","","0","Neutral"
"570","ALLISCHALMERS AH SELLS SWISS UNIT","","0","Neutral"
"571","MONARCH CAPITAL MON PR WILL NOT RESUME TRADING","","0","Neutral"
"572","FLORIDA EMPLOYERS INSURANCE CO FLAE YEAR 1986","","0","Neutral"
"573","SHELL OIL GETS 1043 MLN DLR CONTRACT","","0","Neutral"
"574","US 4YEAR NOTE AVERAGE YIELD 679 PCT STOP 679 PCT AWARDED AT HIGH YIELD 95 PCT","awarded","1","Positive"
"575","DETROIT EDISON FILES SHELF REGISTRATION FOR ONE BILLION DLRS IN BONDS","","0","Neutral"
"576","NIKE INC NIKE 3RD QTR FEB 28 NET","","0","Neutral"
"577","ZENITH NATIONAL INSURANCE ZNAT QTLY DIVIDEND","zenith","1","Positive"
"578","REDKIN LABORATORIES INC RDKN QTLY DIVIDEND","","0","Neutral"
"579","INTL MINERALS IGL PLANS BIOTECHNOLOGY PROJECT","","0","Neutral"
"580","COOPERVISION INC EYE QTLY DIVIDEND","","0","Neutral"
"581","UAL UAL SURROUNDED BY TAKEOVER SPECULATION","","0","Neutral"
"582","US SECURITIES GROUP BACKS INSIDER RESTRAINTS","","0","Neutral"
"583","TEXACO TX RESERVES DOWN DESPITE LOWER OUTPUT","","0","Neutral"
"584","SIX REPORTED WOUNDED IN ECUADOR GENERAL STRIKE","strike","-1","Negative"
"585","INTL MINERALS PROJECT TO BOOST HOG LEAN WEIGHT","lean, boost","2","Positive"
"586","LOMAC TO PAY 17 MLN DLRS TO CLEAN SITE IN FIRST SUPERFUND2 SETTLEMENT","clean","1","Positive"
"587","PULITZER PUBLISHING CO PLTZC DECLARES QTLY DIV","","0","Neutral"
"588","FEDERAL CO FFF SETS REGULAR PAYOUT","","0","Neutral"
"589","TRANSCANADA PIPE TRP SETS SHARE REDEMPTION","redemption","1","Positive"
"590","SOUTHWESTERN BELL SBC SEES EARNINGS DILUTION","","0","Neutral"
"591","BOLIVIAN DEBT BUYBACK PLAN SAID GAINING GROUND","gaining, debt","0","Neutral"
"592","BRAZIL WANTS TO INCREASE STEEL EXPORTS TO US","","0","Neutral"
"593","XYLOGICS IN INITIAL PUBLIC OFFERING","","0","Neutral"
"594","DETROIT EDISON DTE REGISTERS BONDS","","0","Neutral"
"595","SP DOWNGRADES DANA CORPS 900 MLN DLRS OF DEBT","debt","-1","Negative"
"596","ANCHOR SAVINGS BANK OFFERING FULLY SUBSCRIBED","savings","1","Positive"
"597","LEAR SIEGLER HOLDING CORP PLANS TO DIVEST AEROSPACE SUBSIDIARY","","0","Neutral"
"598","VARITY CORP YEAR SHR LOSS 21 CTS VS LOSS 16 CTS","loss","-2","Negative"
"599","NORDSON NDSN SETS 3FOR2 SPLIT","split","-1","Negative"
"600","BALDRIGE SEES US TRADE DEFICIT STARTING TO DECLINE IN FEB OR MARCH DATA","decline","-1","Negative"
"601","SP MAY UPGRADE WAINOCO OIL WOL","","0","Neutral"
"602","US BUDGET DIRECTOR WARNS AGAINST TAX INCREASE","","0","Neutral"
"603","BALDRIGE SEES US TRADE GAP DROPPING SOON","","0","Neutral"
"604","NORMAL WORK RESUMES AT NEW ZEALAND PORTS","work","1","Positive"
"605","VARITY CORP VAT 4TH QTR JAN 31 LOSS","loss","-1","Negative"
"606","INDIANA FEDERAL IFSL 4TH QTR NET","","0","Neutral"
"607","LEARSIEGLER HOLDING TO DIVEST AEROSPACE UNIT","","0","Neutral"
"608","RUBBERMAID RBD COMPLETES ACQUISITIONS","","0","Neutral"
"609","KANSAS POWER AND LIGHT KAN CHAIRMAN LEAVING","","0","Neutral"
"610","CRYSTAL OIL CO COR 4TH QTR LOSS","loss","-1","Negative"
"611","CHEMFIX TECHNOLOGIES CFIX 2ND QTR FEB 28 NET","","0","Neutral"
"612","FEDERALMOGUL CORP FMO SETS REGULAR DIVIDEND","","0","Neutral"
"613","IOWA RESOURCES INC IOR DECLARES QTLY DIVIDEND","","0","Neutral"
"614","EIA SAYS DISTILLATE STOCKS OFF 32 MLN BBLS GASOLINE UP 22 MLN CRUDE UP 75 MLN","crude","-1","Negative"
"615","US HOME RESALES UP IN FEBRUARY REALTORS SAY","","0","Neutral"
"616","EL PASO ELECTRIC ELPA TO BUY BACK BONDS","","0","Neutral"
"617","LOWER US SOYBEAN LOAN IDEA SHARPLY CRITICIZED","sharply, criticized","-2","Negative"
"618","FIDUCIARY TRUST CO IN FIVEFORONE STOCK SPLIT","trust, split","0","Neutral"
"619","MODULAIRE MODX BUYS BOISE HOMES PROPERTY","","0","Neutral"
"620","US HOUSE PANEL ADOPTS BILL THAT COULD BAR JAPANESE PRIMARY DEALERS","","0","Neutral"
"621","LITTLE SUPPORT FOR MANDATORY ACREAGE CUTS  LYNG","support","1","Positive"
"622","UAL UAL UNIT LINKS RESERVATION SERVICE","","0","Neutral"
"623","DANA CORP DCN DEBT LOWERED BY SP","debt","-1","Negative"
"624","MINNESOTA POWER MPL SELLS SEVENYEAR BONDS","","0","Neutral"
"625","LA QUINTA MOTOR INNS INCLQM3RD QTR FEB 28 NET","","0","Neutral"
"626","KANSAS CITY SOUTHERN INDUSTRIES SAYS IT EAGER TO PURCHASE SOUTHERN PACIFIC RAILROAD","eager","1","Positive"
"627","FNMA ANNOUNCES 10 AND 20YEAR MORTGAGE PRODUCTS","","0","Neutral"
"628","US CHIPMAKERS URGE SANCTIONS AGAINST JAPAN","","0","Neutral"
"629","US LEGISLATION COULD BAR JAPANESE DEALERS","","0","Neutral"
"630","BOLIVIAN DEBT BUYBACK PLAN GAINS GROUND","debt, gains","0","Neutral"
"631","PDVSA PICKS ARCOAGIP CONSORTIUM IN COAL VENTURE","","0","Neutral"
"632","SP DOWNGRADES CHASE CHEMICAL IRVING MANUFACTURERS MELLON AND SECURITY PACIFIC","","0","Neutral"
"633","ICN ICN SAYS KODAK SALE WILL NOT AFFECT RD","","0","Neutral"
"634","RECENT US OIL DEMAND UP 01 PCT FROM YEAR AGO","","0","Neutral"
"635","FED APPROVES CHEMICAL BANK ACQUISITION OF TEXAS COMMERCE BANCSHARES","","0","Neutral"
"636","SP DOWNGRADES SIX US MONEY CENTER BANKS","","0","Neutral"
"637","KANSAS CITY KSU READY TO BUY SOUTHERN PACIFIC","ready","1","Positive"
"638","GENCORP GY BID COULD BE RAISED GROUP SAYS","","0","Neutral"
"639","UNOCAL UCL PLANS INCREASE IN CAPITAL SPENDING","","0","Neutral"
"640","FED APPROVES CHEMICAL NEW YORK CHL MERGER","","0","Neutral"
"641","VARITYVAT SEES IMPROVED RESULTS AFTER 1ST QTR","improved","1","Positive"
"642","CAMPBELL RESOURCES CCH UPS MESTON LAKE STAKE","","0","Neutral"
"643","FPL GROUP FPL UNIT FILES TO OFFER PREFERRED","","0","Neutral"
"644","METROBANC MTBC SHAREHOLDERS APPROVE MERGER","approve","1","Positive"
"645","CONNECTICUT ENERGY CNEUNIT SEEKS HIGHER RATES","","0","Neutral"
"646","CATTLEMEN ASSESSING DEATH LOSS FROM STORM","loss, death","-2","Negative"
"647","PLAINS RESOURCES INC PLNS YEAR LOSS","loss","-1","Negative"
"648","ECUADOR SIGNS 280 MLN DLR IADB LOAN","","0","Neutral"
"649","PERUS DEBT OBLIGATIONS HIT 63 BILLION DLRS IN 1987","debt","-1","Negative"
"650","PENNZOIL PZL WILLING TO SETTLE TEXACO TX LAWSUIT","willing","1","Positive"
"651","FARM CREDIT SYSTEM TO ASK FOR CONGRESSIONAL AID","","0","Neutral"
"652","GV MEDICAL INC GVMI 4TH QTR LOSS","loss","-1","Negative"
"653","FIRST FEDERALARKANSAS FARK IN COURT RULING","","0","Neutral"
"654","IBC PRESIDENT NOT TO ATTEND ICO EXECUTIVE BOARD","","0","Neutral"
"655","COLOMBIA TO MAINTAIN FOREIGN BORROWING LEVELS","","0","Neutral"
"656","EXCHANGE RATE BILL CLEARS US HOUSE PANEL","clears","1","Positive"
"657","US CHIPMAKERS URGE SANCTIONS AGAINST JAPAN","","0","Neutral"
"658","LOMAC TO PAY COSTS IN FIRST SUPERFUND AGREEMENT","","0","Neutral"
"659","WORLD BANK AFFILIATE PROVIDES CREDIT FOR HAITI","","0","Neutral"
"660","US AGRICULTURE SECY DOUBTFUL ON DEFICIT GOAL","doubtful","-1","Negative"
"661","CLABIR CLG AMBRIT ABI CALL OFF MERGER","","0","Neutral"
"662","FAA ORDERS VOICE RECORDERS ON NEW COMMUTER CRAFT","","0","Neutral"
"663","TELECOMMUNICATIONS BILL CLEARS US HOUSE PANEL","clears","1","Positive"
"664","BANK BOARD TAKES CONTROL OF FLORIDA THRIFT","thrift","1","Positive"
"665","MOODYS DOWNGRADES ZENITH ELECTRONICS ZE DEBT","zenith, debt","0","Neutral"
"666","SDC SYDNEY REPLACES CHAIRMAN","","0","Neutral"
"667","COST OF PIK CERTIFICATES TO BE EYED BY CONGRESS","","0","Neutral"
"668","DAILY TELEGRAPH IN DEAL WITH NEWS INTERNATIONAL","","0","Neutral"
"669","USACAFES USF UNIT POSTS RECORD WEEKLY SALES","","0","Neutral"
"670","MACAO TO KEEP EXISTING SYSTEM FOR 50 YEARS","","0","Neutral"
"671","FRIEDMAN INDUSTRIES INC FRD QUARTERLY DIV","","0","Neutral"
"672","CHIRAC SEES FASTER PRIVATISATION","faster","1","Positive"
"673","IADB MEETING ENDS WITH US ISOLATED ON REFORM","reform, isolated","0","Neutral"
"674","LATIN OIL PRODUCERS TO MEET IN CARACAS","","0","Neutral"
"675","AUSTRALIAN RESERVE BANK CUTS REDISCOUNT RATE","","0","Neutral"
"676","ARGENTINA SAYS COULD FOLLOW BRAZILIAN DEBT MOVE","debt","-1","Negative"
"677","GENOVA GNVA SIGNS DEFINITIVE MERGER AGREEMENT","","0","Neutral"
"678","PENOBSCOT SHOE CO PSO 1ST QTR FEB 27 NET","","0","Neutral"
"679","DREXEL SAYS BUSINESS STRONG DESPITE TRADE PROBE","strong","1","Positive"
"680","DAUSTER SAYS NO CHANGE IN BRAZILS COFFEE POLICY","","0","Neutral"
"681","EXCHANGE RATE BILL CLEARS US HOUSE PANEL","clears","1","Positive"
"682","CONSOLIDATE CAPITAL TRUST CIOTS 4TH QTR NET","trust","1","Positive"
"683","SARNEY REITERATES THAT BRAZIL WILL NOT GO TO IMF","","0","Neutral"
"684","US BANKS SEEN STEPPING UP SECURITIES ROLE","","0","Neutral"
"685","PALO VERDE UNIT 3 GRANTED OPERATING LICENSE","","0","Neutral"
"686","TREASURYS BAKER SAYS HE STANDS BY PARIS PACT TO FOSTER STABLE CURRENCIES","stable","1","Positive"
"687","MEMBERS VOTE TO DISSOLVE US FARM COOP","","0","Neutral"
"688","US SENATE FARM PANEL MAKEUP STILL IN DOUBT","doubt","-1","Negative"
"689","BAKER SAYS HE STANDS BY PARIS CURRENCY AGREEMENT","","0","Neutral"
"690","BAKER DECLINES COMMENT ON VOLCKER REAPPOINTMENT","declines","-1","Negative"
"691","CHINA SAYS 1986 BUDGET DEFICIT 708 BILLION YUAN","","0","Neutral"
"692","GUYANA FINANCE MINISTER OPTIMISTIC BUT SEEKS HELP","optimistic","1","Positive"
"693","BAKER OPPOSES STOCK TRANSACTION TAX PROPOSAL","","0","Neutral"
"694","BAKER SEEKS MORE BANK LOANS TO DEVELOPING NATIONS","","0","Neutral"
"695","LIBYANS APPEAR TO BE PULLING OUT OF CHAD","","0","Neutral"
"696","CHINA PORTUGAL INITIAL MACAO PACT","","0","Neutral"
"697","BAKER SEES 15 TO 20 BILLION DLR DROP IN TRADE GAP","","0","Neutral"
"698","Sumita says further yen rise would adversely affect Japanese economy","","0","Neutral"
"699","Sumita says major nations will continue to cooperate to stabilize currencies","stabilize","1","Positive"
"700","NZ MONEY SUPPLY RISES 24 PCT IN JANUARY","","0","Neutral"
"701","FURTHER YEN RISE WOULD HURT JAPAN ECONOMY SUMITA","hurt","-1","Negative"
"702","JAPAN VTR AND TV EXPORTS FALL IN FEBRUARY","fall","-1","Negative"
"703","DEMOCRAT LOSES BID TO WIN CONTRA AID ACCOUNTING","loses, win","0","Neutral"
"704","EC LINKS AGRICULTURAL TRADE TALKS TO OTHER REFORM","reform","1","Positive"
"705","VIETNAMS ARMY ORDERED TO GROW MORE FOOD","","0","Neutral"
"706","LINDE TURNOVER UP IN FIRST TWO MONTHS OF 1987","","0","Neutral"
"707","LINDE AG LINGF 1986 YEAR","","0","Neutral"
"708","PACIFIC DUNLOP ANNOUNCES AIDS PROTECTION DISCOVERY","protection","1","Positive"
"709","BANK OF NEW ZEALAND SHARES TO BE LISTED NEXT WEEK","","0","Neutral"
"710","JAPAN SEEN CUTTING APRIL BOND COUPON FROM FIVE PCT","","0","Neutral"
"711","SINGAPORE RULE CHANGES SEEN HAVING LITTLE IMPACT","","0","Neutral"
"712","TRADE SURPLUS CUT WOULD BENEFIT JAPAN  SUMITA","benefit","1","Positive"
"713","VIOLENCE REPORTED IN ECUADOR GENERAL STRIKE","strike","-1","Negative"
"714","PHILIPPINE DEBT TALKS PROCEED WITH NARROWER FOCUS","narrower, debt","-2","Negative"
"715","GARCIA SAYS PERU NOT TRYING TO EXPORT DEBT STANCE","debt","-1","Negative"
"716","SUPREME COURT UPHOLDS AFFIRMATIVE ACTION FOR WOMEN","supreme, affirmative","2","Positive"
"717","ECONOMIC SPOTLIGHT  HONG KONGS MORE ACTIVE ROLE","","0","Neutral"
"718","GULF ESCORTS STILL UNDER DISCUSSION  WEINBERGER","","0","Neutral"
"719","SRI LANKA TO LAUNCH APPEAL FOR DROUGHT AID","drought, appeal","0","Neutral"
"720","MIYAZAWA SAYS MAJOR NATIONS ACTING ON PARIS ACCORD","","0","Neutral"
"721","US HOUSE PANEL APPROVES 400 MLN DLRS FOREIGN AID","","0","Neutral"
"722","ECONOMIC SPOTLIGHT  TOKYO EARTHQUAKE AFTERSHOCKS","","0","Neutral"
"723","Hoechst AG 1986 world group pretax profit 321 billion marks vs 316 billion","","0","Neutral"
"724","AIDC ISSUES FIRST AUSTRALIAN DLR MEDIUM TERM NOTES","issues","-1","Negative"
"725","MAZDA DOES NOT PLAN TO MAKE SPORTS CARS IN US","","0","Neutral"
"726","KAWASAKI TO INCREASE MOTORCYCLE OUTPUT","","0","Neutral"
"727","BANK OF FRANCE LAUNCHES MONEY MARKET INTERVENTION TENDER  OFFICIAL","tender","1","Positive"
"728","HOECHST AG HFAGF YEAR 1986","","0","Neutral"
"729","GERMAN TRADE CURRENT ACCOUNT DATA DUE TODAY","","0","Neutral"
"730","BANK OF FRANCE LAUNCHES MONEY MARKET TENDER","tender","1","Positive"
"731","BP says it will tender for remaining 45 pct of Standard Oil at 70 dlrs a share cash","tender","1","Positive"
"732","CHINA PROJECTS 1987 BUDGET DEFICIT INCREASE","","0","Neutral"
"733","BP TO OFFER 74 BILLION DLRS FOR STANDARD SHARES","","0","Neutral"
"734","HOECHST RAISES PROFITS ON LOWER SALES","","0","Neutral"
"735","Danish overnight money market rate cut to 10 pct from 105  central bank","","0","Neutral"
"736","BHP NET SEEN AROUND 600 MLN DLRS FOR NINE MONTHS","","0","Neutral"
"737"," BP units seek five billion dlr revolving credit to support Standard Oil tender","tender, support","2","Positive"
"738","INDIAN PLANT SIGNS FIRST ALUMINA EXPORT CONTRACT","","0","Neutral"
"739","FRIED KRUPP GMBH KRPGD YEAR 1986","fried","-1","Negative"
"740","NORDIC INVESTMENT BANK HAS ZERO COUPON BOND","","0","Neutral"
"741","LUCAS INDUSTRIES PLC LUCSL HALFYEAR ENDED JAN 31","","0","Neutral"
"742","BP UNITS SEEK FIVE BILLION DLR REVOLVING CREDIT","","0","Neutral"
"743","EUROFIMA LAUNCHING 40 MLN SWISS FRANC NOTES","","0","Neutral"
"744","CLUB MEDITERRANEE CMIPA  YEAR ENDED OCTOBER 31","","0","Neutral"
"745","UK MONEY MARKET LIQUIDITY POSITION EXPECTED FLAT","","0","Neutral"
"746","EC SUGAR TENDER SEEN AS FURTHER CONCESSION","tender, concession","0","Neutral"
"747"," German Feb current account surplus 66 billion marks Jan surplus 48 billion  official","","0","Neutral"
"748"," German February trade surplus 104 billion marks Jan surplus 72 billion  official","","0","Neutral"
"749","GERMAN CURRENT ACCOUNT SURPLUS WIDENS IN FEBRUARY","","0","Neutral"
"750","MONTREAL TRUSTCO ISSUES CANADIAN DOLLAR EUROBOND","issues","-1","Negative"
"751","KEATING REVISES DOWN AUSTRALIAN GROWTH FORECAST","","0","Neutral"
"752","TAIWANS SAVINGS AT RECORD HIGH","savings","1","Positive"
"753","SHORTDATED SAUDI RIYAL RATES FIRM IN QUIET MARKET","quiet","1","Positive"
"754","JAPAN BEEF PRICE SUPPORT CUT WILL NOT RAISE DEMAND","support","1","Positive"
"755","FOREIGN FIRMS HOPE TO JOIN JAPAN TELECOM COMPANY","","0","Neutral"
"756","UK OILMEALVEG OIL PRODUCTION ROSE IN 1986","","0","Neutral"
"757","BNP PLANS 100 MLN HK DLR CD ISSUE","issue","-1","Negative"
"758","PHILIPPINES TO PUT 100 STATE FIRMS UP FOR SALE","","0","Neutral"
"759","SINGAPORE LAWS TO LIBERALISE LOCAL CAPITAL MARKET","","0","Neutral"
"760","SIEMENS SEES SALES NEAR 52 BILLION MARKS THIS YEAR","","0","Neutral"
"761","KRUPP HAS SATISFACTORY 1986 RESULTS","satisfactory","1","Positive"
"762","JAPANESE SCIENTISTS DEVELOP AIDS DETECTION MATERIAL","","0","Neutral"
"763","NO PESSIMISM FOR GERMAN EXPORTERS MINISTRY","pessimism","-1","Negative"
"764","MONETARY AUTHORITIES SAID TO LOSE CREDIBILITY","lose","-1","Negative"
"765","AUSTRIA MAKES TWO BILLION SCHILLING NOTE ISSUE","issue","-1","Negative"
"766","FRANCES CAECL ISSUES THREE BILLION FRANC BOND","issues","-1","Negative"
"767","UK FEB TRADE DEFICIT 224 MLN STG VS DEFICIT 527 MLN IN JAN  OFFICIAL","","0","Neutral"
"768","UK FEB CUURENT ACCOUNT SURPLUS 376 MLN STG VS JAN SURPLUS 73 MLN  OFFICIAL","","0","Neutral"
"769","MALAYSIAN CENTRAL BANK SEES HIGHER 1987 GROWTH","","0","Neutral"
"770","UK VISIBLE TRADE DEFICIT NARROWS IN FEBRUARY","","0","Neutral"
"771","LUCAS SEES CONTINUED GROWTH IN SECOND HALF","","0","Neutral"
"772","IWC ups Soviet grain 198687 import estimate three mln tonnes to 29 mln  official","","0","Neutral"
"773","IWC lifts 198687 world wheat coarse grain estimate one mln tonnes to record 1377 mln","coarse","-1","Negative"
"774","ECONOMIC SPOTLIGHT  SWISS BANKING SECRECY","","0","Neutral"
"775","MONTREAL TRUSTCO ISSUES CANADIAN DOLLAR EUROBOND","issues","-1","Negative"
"776","LIBYANS APPEAR TO BE PULLING OUT OF CHAD","","0","Neutral"
"777","TRADE SURPLUS CUT WOULD BENEFIT JAPAN  SUMITA","benefit","1","Positive"
"778","ALSTHOM AWARDED 900 MLN FRANC PAKISTANI DEAL","awarded","1","Positive"
"779","COMMISSION APPROVES RAINBOWPROGRESSIVE MERGER","","0","Neutral"
"780","VIOLENCE REPORTED IN ECUADOR GENERAL STRIKE","strike","-1","Negative"
"781","UK MONEY MARKET FORECAST REVISED TO DEFICIT","","0","Neutral"
"782","IWC LIFTS WORLD GRAIN OUTPUT ESTIMATE TO RECORD","","0","Neutral"
"783","BANK OF JAPAN BUYS SMALL QUANTITY DOLLARS DEALERS","","0","Neutral"
"784","UK TRADE FIGURES BUOY HOPES OF INTEREST RATE CUT","","0","Neutral"
"785","ECC APPROVES MONTEDISONHERCULES VENTURE","","0","Neutral"
"786","EC SELLS BUTTER STOCKS TO SOVIET UNION","","0","Neutral"
"787","GERMAN NET CURRENCY RESERVES RISE","","0","Neutral"
"788","WORLD BANK CHIEF CONCERNED ABOUT BRAZIL ECONOMY","concerned","-1","Negative"
"789","ITALIAN TREASURY ANNOUNCES CERTIFICATE OFFER","","0","Neutral"
"790","GUINNESS PEAT HAS CASH ADVANCE FACILITY","","0","Neutral"
"791","SUMITOMO BANK HAS 500 MLN STG CD PROGRAM","","0","Neutral"
"792","CURRENCY EXCHANGE LOSS PUSHES MALAYSIAS DEBT UP","loss, debt","-2","Negative"
"793","IWC SAYS EFFECT OF LOWER SUPPORT PRICES LIMITED","limited, support","0","Neutral"
"794","SANDOZ HAS 50 MLN DLR EUROCP PROGRAM","","0","Neutral"
"795","US TREASURYS BAKER OPPOSES TAX INCREASE","","0","Neutral"
"796","PHILIPPINE DEBT TALKS PROCEED WITH NARROWER FOCUS","narrower, debt","-2","Negative"
"797","TREASURYS BAKER SAYS HE STANDS BY PARIS PACT","","0","Neutral"
"798","TREASURYS BAKER DECLINES COMMENT ON VOLCKER","declines","-1","Negative"
"799","GERMAN ANALYSTS SEE GOLD RISING IN 2ND HALF 1987","gold","1","Positive"
"800","CAMBRIAN AND GENERAL NOTES RELISTED IN LONDON","","0","Neutral"
"801","GULF ESCORTS STILL UNDER DISCUSSION  WEINBERGER","","0","Neutral"
"802","AUSTRIA TREASURY NOTE ISSUE LIKELY TO BE INCREASED","issue","-1","Negative"
"803","NEW CAPITAL RULES WOULD FAVOR FIRST INTERSTATE","favor","1","Positive"
"804","FIRST INTERSTATE I ESTIMATES LOSS ON BRAZIL","loss","-1","Negative"
"805","FRENCH UNEMPLOYMENT RISES TO SEASONALLY ADJUSTED 265 MLN IN FEBRUARY  OFFICIAL","","0","Neutral"
"806","CONRAIL INITIAL OFFER PRICED AT 28 DLRS SHARE","","0","Neutral"
"807","MICKELBERRY CORP MBC 4TH QTR NET","","0","Neutral"
"808","HOLIDAY HIA SEES RULING NEXT WEEK ON PLAN","","0","Neutral"
"809","MICKELBERRY MBC COMPLETES SALE OF UNIT","","0","Neutral"
"810","FLUOROCARBON CO FCBN 4TH QTR JAN 31 NET","","0","Neutral"
"811","ROSTENKOWSKI SAYS REAGAN MUST RECONSIDER TAX RISE","","0","Neutral"
"812","FRENCH FEBRUARY UNEMPLOYMENT HITS RECORD 265 MLN","","0","Neutral"
"813","TREASURYS BAKER OPPOSES STOCK TRANSACTION TAX","","0","Neutral"
"814","PHILIPS ELECTRICAL SELLS STAKE IN UNIDARE","","0","Neutral"
"815","AMERICAN MEDICAL INTERNATIONAL INC 2ND QTR SHR PROFIT 32 CTS VS LOSS 95 CTS","loss","-1","Negative"
"816","BAKER SEES 15 TO 20 BILLION DLR DROP IN TRADE GAP","","0","Neutral"
"817","NEW GENERATION FOODS NGEN SELLS SHARES","","0","Neutral"
"818","AMERICAN MEDICAL INTERNATIONAL INC AMI NET","","0","Neutral"
"819","SIEMENS US TURNOVER TO RISE IN CURRENT YEAR","","0","Neutral"
"820","FW DODGE REPORTS FEBRUARY CONSTRUCTION DROPS","","0","Neutral"
"821","UK VISIBLE TRADE DEFICIT NARROWS IN FEBRUARY","","0","Neutral"
"822","FRENCH RESERVES FALL ON DEBT REPAYMENT","fall, debt","-2","Negative"
"823","FOOTE MINERAL CO IN LETTER OF INTENT TO MERGE INTO RIO TINTOZINC","","0","Neutral"
"824"," German March cost of living 02 pct below year ago Feb 05 pct below  official","","0","Neutral"
"825","TRIZEC CORP LTD 1ST QTR JAN 31 NET","","0","Neutral"
"826","BRANIFF BAIR MAY GET MEXICAN SERVICE AUTHORITY","","0","Neutral"
"827","BOSTON EDISON CO BSE REGULAR DIVIDEND","","0","Neutral"
"828","NIPPON SIGNAL ISSUES 50 MLN SWISS FRANC NOTES","issues","-1","Negative"
"829","GERMAN COST OF LIVING FALLS IN MARCH ON YEARAGO","falls","-1","Negative"
"830","BRITISH BANKS RESIST SIGNING MEXICO PACKAGE SEEK MORE EQUITABLE CONTRIBUTIONS  LLOYDS","equitable","1","Positive"
"831","TURKEY COULD APPLY FOR EC MEMBERSHIP BY EARLY MAY","","0","Neutral"
"832","BRITISH BANKS SEEK MORE EQUITABLE CONTRIBUTIONS ON MEXICO PACKAGE  LLOYDS","equitable","1","Positive"
"833","FOOTE MINERAL FTE TO MERGE INTO RIO TINTO","","0","Neutral"
"834","US FIRST TIME JOBLESS CLAIMS ROSE IN WEEK","jobless","-1","Negative"
"835","BRITISH BANKS RESIST SIGNING MEXICO PACKAGE","","0","Neutral"
"836","HONG KONG FEBRUARY TRADE SWINGS INTO DEFICIT","","0","Neutral"
"837","BEST PRODUCTS CO INC 4TH QTR SHR 144 DLRS VS 83 CTS","best","1","Positive"
"838","GENERALE HEAD CALLS FOR BELGIAN BANK FLEXIBILITY","flexibility","1","Positive"
"839","BEST PRODUCTS CO BES 4TH QTR JAN 31 NET","best","1","Positive"
"840","K MART KM TO SUPPLY HOME SHOPPING NETWORK","","0","Neutral"
"841","BANK OF SPAIN PROVIDES YEAR RECORD ASSISTANCE FUNDS","","0","Neutral"
"842","GREAT WESTERN GWF TO REDEEM DEBENTURES","redeem, great","2","Positive"
"843","CHINA PORTUGAL INITIAL MACAO PACT","","0","Neutral"
"844","ETHYL CORP EY UNITS COMPLETE ACQUISITON","","0","Neutral"
"845","JEFFERIES IS MAKING A MARKET IN STANDARD SRD","","0","Neutral"
"846","COLONIAL CABK TALKS WITH DISSIDENTS BREAK DOWN","break, dissidents","-2","Negative"
"847","BRITISH POLITICIANS URGE JAPAN TRADE SANCTIONS","","0","Neutral"
"848","UK TRADE FIGURES BUOY HOPES OF INTEREST RATE CUT","","0","Neutral"
"849","S KOREA MAY BUY US OIL TO AID TRADE BALANCE","","0","Neutral"
"850","BP BP TO HOLD NEW YORK PRESS CONFERENCE","","0","Neutral"
"851","US TREASURYS MULFORD REAFFIRMS G6 PACT TO FOSTER CURRENCY STABILITY AROUND CURRENT LEVELS","stability","1","Positive"
"852","TREASURYS MULFORD SAYS G6 HAS NO CURRENCY TARGET ZONES RANGES","","0","Neutral"
"853","GERMAN ANALYSTS SEE GOLD FIRMING LATER THIS YEAR","gold","1","Positive"
"854","ESSEX CHEMICAL ESX SELLS CONVERTIBLE DEBT","debt","-1","Negative"
"855","UK MONEY MARKET RECEIVES 226 MLN STG ASSISTANCE","","0","Neutral"
"856","SWEDEN REVISES BUDGET FORECASTS","","0","Neutral"
"857","BANK OF FRANCE LEAVES MONEY MARKET INTERVENTION RATE UNCHANGED AT 734 PCT  OFFICIAL","","0","Neutral"
"858","MCO MCO MAXXAM MXM HOLDERS APPROVE MERGER","approve","1","Positive"
"859","CANADA DETAILS TWO BOND AUCTIONS","","0","Neutral"
"860","PRICE CO PCLB 2ND QTR MARCH 15 NET","","0","Neutral"
"861","CAROLIAN SYSTEMS SEES LOWER FISCAL 1987 PROFIT","","0","Neutral"
"862","BANK OF FRANCE BUYS DOLLARS SELLS YEN  DEALERS","","0","Neutral"
"863","TUNISIA TO BREAK TIES WITH IRAN","break","-1","Negative"
"864","US TREASURYS MULFORD REAFFIRMS G6 AGREEMENT","","0","Neutral"
"865","FRENCH FREE MARKET CEREAL EXPORT BIDS DETAILED","free","1","Positive"
"866","US GOLD EAGLE SALES PROJECTED AT 31 MLN OUNCES","gold","1","Positive"
"867","NEOAX NOAX TO SELL NOVATRONICS FOR 20 MLN DLRS","","0","Neutral"
"868","PONCE FEDERAL BANK FSB PFBS RAISES DIVIDEND","","0","Neutral"
"869","FOOTHILL GROUP FGI SEES BETTER FIRST QUARTER","better","1","Positive"
"870","COMMODORE CBU IN PACT FOR COMPUTER GRAPHICS","","0","Neutral"
"871","BANK OF FRANCE BUYS DOLLARS SELLS YEN  DEALERS","","0","Neutral"
"872","STANDARD SRD REFERRING BP BP BID TO GROUP","","0","Neutral"
"873","MULFORD SEES MORE BANK LOANS TO DEBTORS IN 1987","","0","Neutral"
"874","ANCHOR GLASS AGLS NOW SEES HIGHER 1ST QTR NET","","0","Neutral"
"875","MACNEALSCHWENDLER CORP MNS RAISES PAYOUT","","0","Neutral"
"876","VISHAY VSH COMPLETES EXCHANGE OFFER","","0","Neutral"
"877","CREDIT LYONNAIS UNIT HAS AUSTRALIAN DOLLAR BOND","","0","Neutral"
"878","VIACOM INTERNATIONAL INC VIA SETS QUARTERLY","","0","Neutral"
"879","WALT DISNEY ISSUES 60 MLN AUS DLR EUROBOND","issues","-1","Negative"
"880","UK MONEY MARKET GETS 25 MLN STG LATE HELP","","0","Neutral"
"881","IOMEGA IOMG IN SUPPLY AGREEMENT","","0","Neutral"
"882","LIBYA ABANDONS CHAD STRONGHOLD AFTER DEFEATS","defeats","1","Positive"
"883","ROY F WESTON WSTNA DISTRIBUTING STATEMENT","","0","Neutral"
"884","PHLCORP PHX HAS BREAKEVEN RESULTS","","0","Neutral"
"885","MARSAM PHARMACEUTICALS INC IN INITIAL OFFERING","","0","Neutral"
"886","STONE CONTAINER STO TO REDEEM DEBT","redeem, debt","0","Neutral"
"887","FARM CREDIT SYSTEM REQUESTS US CREDIT LINE","","0","Neutral"
"888","OAKWOOD HOMES OH SELLS CONVERTIBLE DEBENTURES","","0","Neutral"
"889","EMCO SETS 75 MLN DLR DEBENTURE OFFERING","","0","Neutral"
"890","FISCHERWATT TO SELL CONVERTIBLE PREFERRED","","0","Neutral"
"891","FOOTE MINERAL TO MERGE INTO RIO TINTO","","0","Neutral"
"892","ALUMINIUM SCRAP RECOVERY AND USAGE TO RISE","scrap, recovery","0","Neutral"
"893","CROSS AND TRECKER CTCO BUYS AUTOMATION UNIT","","0","Neutral"
"894","SALANT CORP SLT 1ST QTR FEB 28 NET","","0","Neutral"
"895","CRAY CYR INSTALLS 22 MLN DLR COMPUTER","","0","Neutral"
"896","HEALTHMATE INC HMTE 4TH QTR LOSS","loss","-1","Negative"
"897","KEATING REVISES DOWN AUSTRALIAN GROWTH FORECAST","","0","Neutral"
"898","VICON INDUSTRIES VII VOTES STAGGERED BOARD","","0","Neutral"
"899","FRENCH STOCK BILL TO BE PRESENTED BEFORE JUNE","","0","Neutral"
"900","GERMAN TAX CUT BILL TO GO BEFORE CABINET APRIL 1","","0","Neutral"
"901","NATIONAL BANC OF COMMERCE CO NBCC SETS PAYOUT","","0","Neutral"
"902","HARSCO CORP HSC SETS REGULAR PAYOUT","","0","Neutral"
"903","MADAGASCAR COCOA PRODUCTION ESTIMATED HIGHER","","0","Neutral"
"904","COMPUTER ASSOCIATES CA SETS TWO FOR ONE SPLIT","split","-1","Negative"
"905","SWISS NET CAPITAL EXPORTS RISE IN 1986","","0","Neutral"
"906","ST LAWRENCE SEAWAY OPENING STILL MARCH 31","","0","Neutral"
"907","DUTCH GRAIN LEVY TEST CASE TO START IN APRIL","","0","Neutral"
"908","IDB APPROVES TRADE PROJECT LOANS TO MEMBERS","","0","Neutral"
"909","ZSEVEN FUND SEES HIGHER 1987 NET","","0","Neutral"
"910","FRENCH STOCK BILL TO BE PRESENTED BEFORE JUNE","","0","Neutral"
"911","JAGUAR OFFERS NEW LUXURY SEDAN","luxury","1","Positive"
"912","SPANISH REFINER PLANS GASOLINE ADDITIVE PLANT","","0","Neutral"
"913","WALL STREET STOCKSUS OIL COMPANIES","","0","Neutral"
"914","ROY F WESTON INC WSTNA 4TH QTR NET","","0","Neutral"
"915","MOBIL MOB TO UPGRADE REFINERY UNIT","","0","Neutral"
"916","WARNERLAMBERT WLA SUES MASON DISTRIBUTORS","sues","-1","Negative"
"917","NOVA NOVX TO GET BRADYKININ ANTAGONIST PATENT","antagonist","-1","Negative"
"918","BLOCKBUSTER BBEC TO ACQUIRE LICENSEE","blockbuster","1","Positive"
"919","BRAZIL SOY HARVEST 13 PCT COMPLETE  NEWSLETTER","","0","Neutral"
"920","CONTEL CTC TO BUY WALKER COUNTY TELEPHONE","","0","Neutral"
"921","COMPUDYNE CDC SEES COSTS FROM CLEANUP STUDY","","0","Neutral"
"922","REUTERS TO CARRY SEAQ TWOWAY UK SHARE QUOTES","","0","Neutral"
"923","MULFORD SAYS G6 WANTS STABILITY","stability","1","Positive"
"924","SYMBOL TECHNOLOGIES SMBL GETS CONTRACT","","0","Neutral"
"925","THERMO PROCESS TPSI COMPLETES ACQUSITION","","0","Neutral"
"926","SIEMENS RAISES STAKE IN TELECOM PLUS OF US","","0","Neutral"
"927","FRUEHAUF POSTS 203 MLN DLR 1986 LOSS","loss","-1","Negative"
"928","MICHIGAN GENERAL MGL TO SELL KRESTMARK UNIT","","0","Neutral"
"929","RABBIT SOFTWARE RABT TO MERGE WITH CTI DATA","","0","Neutral"
"930","COMSTOCK GROUP INC CSTK 4TH QTR LOSS","loss","-1","Negative"
"931","TIME TL SINKING FUND DEBENTURES YIELD 884 PCT","sinking","-1","Negative"
"932","MITSUBISHI UNIT TO SUPPLY CELLULAR TELEPHONE SYSTEMS","","0","Neutral"
"933","US SENATE HITS EC OILS TAX VOWS RETALIATION","","0","Neutral"
"934","HEALTHMATE INC SAYS AUDITORS INTEND TO QUALIFY ITS FINANCIAL STATEMENTS","qualify","1","Positive"
"935","SWEDISH BANK US FIRM PLAN UK STOCK VENTURE","","0","Neutral"
"936","HARSCO CORP HSC SETS QUARTERLY","","0","Neutral"
"937","MILASTAR CORP MILA 3RD QTR JAN 31 LOSS","loss","-1","Negative"
"938","BDM BDM GETSW ARMY CONTRACT","","0","Neutral"
"939","BANK OF BOSTON EXPECTS 1ST QTR EARNINGS FROM 90 CTS TO 100 DLRSSHR VS 79 CTS","","0","Neutral"
"940","BANK OF BOSTON BKB SEES IMPROVED 1ST QUARTER","improved","1","Positive"
"941","LIBYA REPORTEDLY BOUGHT WHITE SUGAR","","0","Neutral"
"942","USAIR GETS APPROVAL TO BUY 9309394 PIEDMONT SHARES IN TENDER","tender, approval","2","Positive"
"943","FED EXPECTED TO ADD RESERVES","","0","Neutral"
"944","WRIGHT SAYS HOUSE BUDGET COMMITTEE ON TARGET","","0","Neutral"
"945","GE GE CREDIT SUES PHOENIX FINANCIAL PHFC","sues","-1","Negative"
"946","DOLLARYEN INTERVENTION RESPONDS TO PRESSURE","","0","Neutral"
"947","WALL STREET STOCKSUS OIL COMPANIES","","0","Neutral"
"948","MULFORD SAYS GERMANY JAPAN HAVE NOT YET LIVED UP TO INTERNATIONAL COMMITMENTS","","0","Neutral"
"949","ORIENTAL FEDERAL INITIAL OFFERING UNDER WAY","","0","Neutral"
"950","FARMERS COMMODITIES TO CLEAR FUTURES FOR COOPS","clear","1","Positive"
"951","FRANK B HALL FBH DEBT MAY BE CUT BY MOODYS","debt","-1","Negative"
"952","NORCEN SEES IMPROVEMENT IN 1987 EARNINGS","improvement","1","Positive"
"953","COCOA COUNCIL HEAD TO PRESENT BUFFER COMPROMISE","","0","Neutral"
"954","SIEMENS REBUTTS US CRITICISM ON CGCT OFFER","criticism","-1","Negative"
"955","MULFORD DISAPPOINTED IN NEWLY INDUSTRIALIZED NICS EFFORTS TO STRENGTHEN CURRENCIES","disappointed","-1","Negative"
"956","FORD F NEARS GM GM IN EXECUTIVE BONUSES","bonuses","1","Positive"
"957","MULFORD SAYS GERMANY JAPAN SHOULD DO MORE","","0","Neutral"
"958","EC GRANTS EXPORT LICENCES 197000 TONNES  FREE MARKET MAIZE ZERO BARLEY  PARIS TRADERS","free","1","Positive"
"959","PIER 1 IMPORTS PIR DECLARES STOCK SPLIT","split","-1","Negative"
"960","RCM TECHNOLOGIES RCMT ORDER INCREASED","","0","Neutral"
"961","LANCER CORP LACR 4TH QTR NET","","0","Neutral"
"962","THERMO PROCESS TPSI WINS 15 MLN DLR CONTRACT","wins","1","Positive"
"963","MACNEALSCHWENDLER CORP MNS 4TH QTR JAN 31 NET","","0","Neutral"
"964","NICHOLS INSTITUTE LAB 1ST QTR FEB 28 NET","","0","Neutral"
"965","FIRST MEDICAL DEVICES CORP FMDC YEAR LOSS","loss","-1","Negative"
"966","FIRST MEDICAL FMDC GETS ORDER","","0","Neutral"
"967","HEALTHMATE HMTE EXPECTS QUALIFIED OPINION","qualified","1","Positive"
"968","BALLY BLY NAMES NEW CHIEF FINANCIAL OFFICER","","0","Neutral"
"969","BRAZIL ASKS 60DAY EXTENSION SHORTTERM CREDIT","","0","Neutral"
"970","HEALTHMATE INC HMTE 4TH QTR LOSS","loss","-1","Negative"
"971","USAIR U CLEARED TO BUY PIEDMONT PIE SHARES","cleared","1","Positive"
"972","FED SETS TWO BILLION DLR CUSTOMER REPURCHASE FED SAYS","","0","Neutral"
"973","HOUSE OF FABRICS INC HF 4TH QTR JAN 31 NET","","0","Neutral"
"974","GERMAN RETAILERS EXPECT GOOD 1987","good","1","Positive"
"975","GERMAN WAGE ROUND SAID TO LIMIT MONETARY OPTIONS","limit","-1","Negative"
"976","FOREIGN FIRMS HOPE TO JOIN JAPAN TELECOM COMPANY","","0","Neutral"
"977","SIEMENS RAISES STAKE IN TELECOM PLUS OF US","","0","Neutral"
"978","FIRST INTERSTATE SEEKS ACQUISITION","","0","Neutral"
"979","ATLANTIC RESEARCH ATRC WINS MOTOR CONTRACT","wins","1","Positive"
"980","THOMAS AND BETTS TNB FILES PATENT SUIT","","0","Neutral"
"981","HOUSE OF FABRICS HF SEES RESULTS IMPROVING","improving","1","Positive"
"982","US SENATE HITS EC OILS TAX VOWS RETALIATION","","0","Neutral"
"983","CROP GENETICS INITIAL OFFERING UNDERWAY","","0","Neutral"
"984","KODAK EK BUYS STAKE IN BIOTECHNOLOGY COMPANY","","0","Neutral"
"985","AVERY AVY 1ST QTR FEB 28 NET","","0","Neutral"
"986","FORD F CREDIT UNIT SELLS NEW ZEALAND DLR FRNS","","0","Neutral"
"987","IONICS ION WINS 20YEAR DESALINATION CONTRACT","wins","1","Positive"
"988","FED SETS TWO BILLION DLR CUSTOMER REPURCHASE","","0","Neutral"
"989","SENATE SEEKS US PROBE OF CANADIAN CORN LEVY","","0","Neutral"
"990","RICOH REORGANIZES US UNITS","","0","Neutral"
"991","UNITED WATER UWR BASE TEN BASE SET VENTURE","","0","Neutral"
"992","KNIGHTRIDDER INC KRN SETS QUARTERLY","","0","Neutral"
"993","TECHNITROL INC TNL SETS QUARTERLY","","0","Neutral"
"994","NATIONWIDE CELLULAR SERVICE INC NCEL 4TH QTR","","0","Neutral"
"995","AHA AUTOMOTIVE TECHNOLOGIES CORP YEAR NET","","0","Neutral"
"996","BRAZIL SUGGESTS 60DAY SHORTTERM CREDIT EXTENSION","","0","Neutral"
"997","EMHART EMH WINS FOUR COMMUNICATIONS CONTRACTS","wins","1","Positive"
"998","FLUOR FLR AND UNITS DOWNGRADED BY SP","","0","Neutral"
"999","BRUNSWICK CORP BC SELLS NOTES AT 8199 PCT","","0","Neutral"
"1000","ROGERS ROG SEES 1ST QTR NET UP SIGNIFICANTLY","","0","Neutral"
